geneName,Part,relativeIntensity,gland
14-3-3zeta_ywhab,Gland,0.0013144766052106283,Minor
AcSpa,Dope,0.0024935160742757595,Minor
AcSpa,Gland,4.5420206636355307e-4,Minor
AcSpa,Silk,0.017453803255220668,Minor
AgSp1,Dope,2.60701908094318e-4,Minor
AgSp2b;AgSp2a,Dope,3.975083688150077e-4,Minor
AgSp2b;AgSp2a,Gland,1.0690878605244786e-4,Minor
CON__P00761,Dope,0.3703017102208753,Minor
CON__P00761,Gland,0.03068370493680322,Minor
CON__P00761,Silk,1.0708684038354992,Minor
CON__P02533;CON__Q61782;CON__P35900;CON__Q9D312;CON__Q8N1A0,Dope,0.0036826698646275618,Minor
CON__P02533;CON__Q61782;CON__P35900;CON__Q9D312;CON__Q8N1A0,Gland,2.244560526470529e-4,Minor
CON__P02533;CON__Q61782;CON__P35900;CON__Q9D312;CON__Q8N1A0,Silk,0.00179156434153601,Minor
CON__P02768-1,Dope,5.13961295315635e-4,Minor
CON__P02769,Dope,6.256827506497634e-4,Minor
CON__P02769,Gland,1.0352946058711958e-4,Minor
CON__P04264,Dope,0.02885897158283405,Minor
CON__P04264,Gland,0.0020455634750316818,Minor
CON__P04264,Silk,0.029029845643105814,Minor
CON__P07477,Dope,1.8184430710126409e-4,Minor
CON__P08779;CON__Q9Z2K1;CON__Q3ZAW8,Dope,2.8175746273073014e-4,Minor
CON__P13645;CON__P02535-1;CON__Q7Z3Y7;CON__Q148H6;CON__Q2M2I5;CON__Q7Z3Z0;CON__Q99456;CON__Q7Z3Y8;CON__P05784;CON__Q497I4;CON__O76015;CON__Q9UE12;CON__Q14532;CON__O76013;CON__Q7Z3Y9;CON__O76014;CON__REFSEQ:XP_986630;CON__Q92764;CON__A2A5Y0;CON__Q15323;CON__Q14525,Dope,0.028241415668517574,Minor
CON__P13645;CON__P02535-1;CON__Q7Z3Y7;CON__Q148H6;CON__Q2M2I5;CON__Q7Z3Z0;CON__Q99456;CON__Q7Z3Y8;CON__P05784;CON__Q497I4;CON__O76015;CON__Q9UE12;CON__Q14532;CON__O76013;CON__Q7Z3Y9;CON__O76014;CON__REFSEQ:XP_986630;CON__Q92764;CON__A2A5Y0;CON__Q15323;CON__Q14525,Gland,0.002507983124724405,Minor
CON__P13645;CON__P02535-1;CON__Q7Z3Y7;CON__Q148H6;CON__Q2M2I5;CON__Q7Z3Z0;CON__Q99456;CON__Q7Z3Y8;CON__P05784;CON__Q497I4;CON__O76015;CON__Q9UE12;CON__Q14532;CON__O76013;CON__Q7Z3Y9;CON__O76014;CON__REFSEQ:XP_986630;CON__Q92764;CON__A2A5Y0;CON__Q15323;CON__Q14525,Silk,0.03814949914673716,Minor
CON__P13647,Dope,0.0011833124673996799,Minor
CON__P13647,Gland,1.437504392564415e-4,Minor
CON__P13647,Silk,6.162900231245997e-4,Minor
CON__P15636,Dope,0.11622319396034717,Minor
CON__P15636,Gland,0.004725629846191867,Minor
CON__P35527,Dope,0.013152016693479152,Minor
CON__P35527,Gland,8.966443595821419e-4,Minor
CON__P35527,Silk,0.0030943290729342036,Minor
CON__P35908v2,Dope,0.011277636888820834,Minor
CON__P35908v2,Gland,5.461737650549333e-4,Minor
CON__P35908v2,Silk,0.002792518405682109,Minor
CON__P48668;CON__P04259,Dope,1.5820713931896264e-4,Minor
CON__Q04695;CON__P19001,Dope,1.410164681283605e-4,Minor
CaAn_20,Gland,5.628865152673189e-4,Minor
FlSpa,Dope,7.892625061829337e-4,Minor
FlSpa,Gland,5.334995852611493e-4,Minor
FlSpb,Dope,0.001309015723632631,Minor
FlSpb,Gland,0.004298214019470352,Minor
FlSpc,Dope,1.5532994555332715e-4,Minor
FlSpc,Gland,2.0074919233271566e-4,Minor
LASC000038,Gland,0.004339243791191184,Minor
LASC000095,Gland,0.0018512549851273693,Minor
LASC000281,Gland,0.002291714772404161,Minor
LASC000319,Dope,0.006870143096514605,Minor
LASC000319,Gland,0.0031349094387313633,Minor
LASC000747,Gland,6.849619619279515e-4,Minor
LASC001726,Gland,0.014859345722050837,Minor
LASC001730,Gland,0.0012200083892964883,Minor
LASC001731,Gland,6.195837485642416e-4,Minor
LASC001732,Gland,2.776886410366281e-4,Minor
LASC001932,Gland,3.3729810740372793e-4,Minor
LASC002299,Gland,3.9670598483533954e-4,Minor
LASC002397,Gland,4.5440706333516815e-4,Minor
LASC002717,Gland,1.449740562586085e-4,Minor
LASC002879,Gland,2.5252150807207076e-4,Minor
LASC003125,Gland,1.7904662147456675e-4,Minor
LASC003279,Gland,1.7683074310651e-4,Minor
LASC003330,Dope,0.0010904036837930853,Minor
LASC003331,Dope,0.0017575990341824436,Minor
LASC003332,Dope,3.404243887931555e-4,Minor
LASC003517,Dope,4.5958012263651175e-4,Minor
LASC003517,Gland,0.009244755764525407,Minor
LASC003928,Gland,1.7001573204251117e-4,Minor
LASC003944,Dope,1.219831102327538e-4,Minor
LASC003944,Gland,0.002791686877198746,Minor
LASC004161,Gland,1.9987894705332377e-4,Minor
LASC004484,Dope,1.8958442375049684e-4,Minor
LASC004484,Gland,0.016668435149751786,Minor
LASC004844,Gland,1.33548418179116e-4,Minor
LASC004993;LASC006407,Gland,0.0032924295462710886,Minor
LASC004995,Gland,3.5889744199642275e-4,Minor
LASC005034,Dope,1.2309049047221754e-4,Minor
LASC005273,Gland,0.001089003338687067,Minor
LASC005335,Gland,3.208900790139143e-4,Minor
LASC005487,Gland,4.932768958364236e-4,Minor
LASC005598,Dope,9.455257524518641e-4,Minor
LASC005698,Gland,1.2521718050280438e-4,Minor
LASC005807,Gland,1.1704030331117394e-4,Minor
LASC006288,Gland,2.7967720598726797e-4,Minor
LASC006378;hspa8_hsp70,Gland,0.0028137926107919863,Minor
LASC006408,Gland,0.008588259663155249,Minor
LASC006772,Gland,2.965981490310173e-4,Minor
LASC007034,Gland,4.399132540253064e-4,Minor
LASC007099,Gland,1.341401784962677e-4,Minor
LASC007277,Gland,1.986213561925649e-4,Minor
LASC007511,Gland,1.6189956595059887e-4,Minor
LASC007604,Dope,0.0011309455004427985,Minor
LASC007825,Dope,1.0022404567568244e-4,Minor
LASC007825,Gland,0.0026523750264269893,Minor
LASC007830,Gland,0.0011571318876327141,Minor
LASC007856,Gland,1.4126237079477497e-4,Minor
LASC008925;gna12_2;gna12,Gland,1.0484336877749099e-4,Minor
LASC009674,Gland,1.0053549116787236e-4,Minor
LASC009784,Gland,8.444409949190252e-4,Minor
LASC009843,Gland,2.1517207675860614e-4,Minor
LASC010012,Dope,0.0012006823296343348,Minor
LASC010012,Gland,0.008402276876896802,Minor
LASC010482,Gland,2.877915144380114e-4,Minor
LASC010684,Gland,2.3556507587264725e-4,Minor
LASC010830,Gland,6.724680653197023e-4,Minor
LASC010973,Gland,1.391157667461361e-4,Minor
LASC011026,Gland,1.95851629456597e-4,Minor
LASC011075,Gland,3.10558027822395e-4,Minor
LASC011232,Gland,6.519876517688468e-4,Minor
LASC011347,Gland,2.8294825909006704e-4,Minor
LASC011384,Gland,0.0010239073402309531,Minor
LASC011933,Gland,6.945293004140412e-4,Minor
LASC011995,Gland,3.4652234754139333e-4,Minor
LASC012598,Gland,2.0169065764618531e-4,Minor
LASC013229,Gland,7.644245936841346e-4,Minor
LASC013620,Dope,4.5294719303953345e-4,Minor
LASC013621,Dope,2.684443890192964e-4,Minor
LASC014184;khc,Gland,1.1423708000670944e-4,Minor
LASC014844,Gland,0.004069473227833873,Minor
LASC015247,Gland,9.999644861402909e-4,Minor
LASC015292,Gland,0.0014146465202648341,Minor
LASC015439,Gland,0.005808697844885806,Minor
LASC015638,Gland,0.002800764341038379,Minor
LASC015682,Dope,2.765765296705719e-4,Minor
LASC015682,Gland,0.0061751803690754305,Minor
LASC015735,Gland,2.3099126834319554e-4,Minor
LASC016132,Dope,1.7086090364223136e-4,Minor
LASC016132,Gland,0.0019450315343079467,Minor
LASC016339,Dope,3.8951618218387754e-4,Minor
LASC016339,Gland,0.002810915231807285,Minor
LASC016362,Gland,2.9722187075374967e-4,Minor
LASC016483,Gland,1.366383654496859e-4,Minor
LASC016530,Gland,1.3324503989141107e-4,Minor
LASC016532,Gland,1.092438642065808e-4,Minor
LASC016881,Gland,1.6299098969056706e-4,Minor
LASC016997,Dope,1.514407374228886e-4,Minor
LASC016997,Gland,1.841735436993916e-4,Minor
LASC017035,Gland,7.650591843245505e-4,Minor
LASC017036,Gland,5.392147489608535e-4,Minor
LASC017094;LASC011374,Gland,1.6376581517980868e-4,Minor
LASC017285,Gland,2.38294181258556e-4,Minor
LASC017315,Gland,3.266171973308494e-4,Minor
LASC017532,Gland,9.515605023007815e-4,Minor
LASC017716;LASC017623,Dope,1.9720210963957124e-4,Minor
LASC017716;LASC017623,Gland,0.002065536658828358,Minor
LASC018595,Gland,0.0022723605304753457,Minor
LASC018632,Gland,1.2595135237069495e-4,Minor
LASC018776,Gland,0.001830428454392611,Minor
LASC018874;LASC022857;LASC021646;LASC011699;LASC021415,Dope,0.016278205237920115,Minor
LASC018874;LASC022857;LASC021646;LASC011699;LASC021415,Gland,0.015336228177268315,Minor
LASC019081,Gland,2.442823094142022e-4,Minor
LASC019165,Gland,4.7084439129400517e-4,Minor
LASC019282;LASC015047,Dope,0.0036370161950435515,Minor
LASC019282;LASC015047,Gland,0.022970352645658148,Minor
LASC019392,Gland,1.0217695538521519e-4,Minor
LASC019923,Gland,0.005937066345984883,Minor
LASC020142,Gland,3.0372136082426935e-4,Minor
LASC020300,Gland,9.190468657734477e-4,Minor
LASC020361,Gland,5.137479158924925e-4,Minor
LASC020665,Gland,1.7815722342747048e-4,Minor
LASC020761,Gland,7.723549386873469e-4,Minor
LASC020883,Gland,1.0152607553893224e-4,Minor
LASC021266,Gland,0.0021194039907000604,Minor
LASC021418,Dope,1.0179726360644969e-4,Minor
LASC021418,Gland,0.0010184175187143432,Minor
LASC021594,Dope,1.275002777325678e-4,Minor
LASC021594,Gland,0.0037131601224691074,Minor
LASC022131,Gland,1.2385153069898274e-4,Minor
LASC022132,Gland,2.7924105404880645e-4,Minor
LASC022267;LASC019470;LASC022858;LASC019814;h2bc1,Dope,0.005080754017725337,Minor
LASC022267;LASC019470;LASC022858;LASC019814;h2bc1,Gland,0.020722383788761182,Minor
LASC022503;LASC015173,Dope,0.0021020418094626937,Minor
LASC022504;LASC015175,Dope,0.0018519729603760707,Minor
LASC022854;LASC022856;LASC016310,Dope,4.313430025922382e-4,Minor
LASC022854;LASC022856;LASC016310,Gland,0.011780422126057608,Minor
MaSp1a,Dope,0.0010415204272143223,Minor
MaSp1a,Gland,0.0016387757983377638,Minor
MaSp1a,Silk,0.05342927433105757,Minor
MaSp1b,Gland,1.6203836757497483e-4,Minor
MaSp1b,Silk,0.009968988822521915,Minor
MaSp1c,Gland,2.639925606990847e-4,Minor
MaSp1c,Silk,0.004179766093203369,Minor
MaSp2a,Silk,0.01072670706899458,Minor
MaSp2c,Dope,3.176947051739498e-4,Minor
MaSp2c,Gland,1.060682095705222e-4,Minor
MaSp2c,Silk,0.008350670863008941,Minor
MaSp2f,Gland,2.1141085819197718e-4,Minor
MaSp2f,Silk,0.028812067356210797,Minor
MaSp3b,Gland,1.6963743786993957e-4,Minor
MaSp3b,Silk,0.014474746482418827,Minor
MiSpa,Dope,0.4754890411171096,Minor
MiSpa,Gland,0.043442828616166315,Minor
MiSpa,Silk,0.6289136541684107,Minor
MiSpb,Dope,0.4180026449889664,Minor
MiSpb,Gland,0.026162677708176638,Minor
MiSpb,Silk,0.20293181540565705,Minor
MiSpc,Dope,1.530342517113465e-4,Minor
MiSpc,Gland,1.0826653456160437e-4,Minor
MiSpc,Silk,4.690794107796677e-4,Minor
MiSpd,Dope,0.02647255308677652,Minor
MiSpd,Gland,0.0018962336611957984,Minor
MiSpd,Silk,0.008705123798920833,Minor
REV__MiSpa,Gland,1.432656677511853e-4,Minor
REV__mnb_2,Gland,0.001467191040270832,Minor
Spice_8,Dope,2.7207528251549905e-4,Minor
Spidroin1,Gland,3.0787865894292885e-4,Minor
Spidroin3,Gland,1.4883174614588305e-4,Minor
TuSpb,Dope,0.0020492178439918745,Minor
aael006169,Gland,0.0012796563383118127,Minor
aael008004_elovl1,Gland,1.0095757525920888e-4,Minor
aael011789,Gland,6.672597067698099e-4,Minor
aass,Gland,6.262959410799115e-4,Minor
abat,Gland,3.9459709758143816e-4,Minor
abcc3,Gland,1.1256620773731908e-4,Minor
abce1,Gland,2.619883239528351e-4,Minor
abhd12_2,Gland,2.1968688490716702e-4,Minor
ablim1_ablim2,Gland,1.136288727049952e-4,Minor
acaa2,Gland,3.1371780254864156e-4,Minor
acad8,Gland,1.3888101069922518e-4,Minor
acadm,Gland,1.521072111416007e-4,Minor
acads,Gland,1.978828615965772e-4,Minor
acadvl,Gland,1.5022001191629017e-4,Minor
acat1-b,Gland,2.4370000534486777e-4,Minor
acat1_2,Gland,4.1007154822250225e-4,Minor
acly,Gland,2.3947108205646798e-4,Minor
aco2,Gland,9.500803963235506e-4,Minor
acp4_3;acpp_pho-5,Gland,1.9553647296155483e-4,Minor
acp7,Gland,7.837161442116231e-4,Minor
acsl1_5;acsl1;acsl1_4,Gland,2.4284012227630402e-4,Minor
actg1,Dope,3.4774269414968153e-4,Minor
actg1,Gland,0.0042399920248395425,Minor
actn,Gland,2.531475160256954e-4,Minor
actr1b,Gland,2.3029134925431076e-4,Minor
adk2,Gland,1.1806422701851331e-4,Minor
adk_adk2;zbtb48_3,Gland,2.76740468458251e-4,Minor
agap002499,Gland,3.821371560430181e-4,Minor
ago3_ago2,Gland,1.3527093984659768e-4,Minor
ahcy-a,Gland,5.35538891492647e-4,Minor
ahcyl1,Gland,1.8373555679472594e-4,Minor
aifm1,Gland,1.0349619677710767e-4,Minor
aimp1,Gland,2.998728623478963e-4,Minor
aimp2,Gland,1.623492264359496e-4,Minor
akr1b10;akr1b10_2;akr1a1a_akr1a1,Gland,2.2580740201794518e-4,Minor
aldh18a1,Gland,1.4992617185130664e-4,Minor
aldh1a2,Gland,5.12483816320413e-4,Minor
aldh1a2_2,Gland,1.3769408243675667e-4,Minor
aldh1l2,Gland,8.918036866340323e-4,Minor
aldh2_2,Gland,4.2761692269931254e-4,Minor
aldh3a2_2;aldh3a2,Gland,1.5484238361711738e-4,Minor
aldh4a1,Gland,8.760161320238967e-4,Minor
aldh5a1,Gland,1.1808506414512045e-4,Minor
aldh7a1,Gland,0.001164469718274272,Minor
alkbh3,Gland,1.149622641095377e-4,Minor
alkbh3_2;alkbh3_3,Gland,1.5098757043425674e-4,Minor
alpha-spec,Gland,8.644524076340537e-4,Minor
alphatub85e_tuba1c,Dope,1.143011088203718e-4,Minor
alphatub85e_tuba1c,Gland,5.175237186168967e-4,Minor
alpl_8,Gland,4.630716643087203e-4,Minor
alyref2_2,Gland,2.711055200441122e-4,Minor
ank3_8,Gland,2.727903739487907e-4,Minor
ankrd50_2,Gland,4.2780189135250527e-4,Minor
anp32a,Gland,3.48850057488634e-4,Minor
anp32a_2,Gland,3.9192782469715267e-4,Minor
anxa11,Gland,0.0011427796049097386,Minor
ap1m1,Gland,1.9212115731379568e-4,Minor
ap2a2_2,Gland,1.826530981380977e-4,Minor
ap2b1;ap1b1,Gland,2.5288751765860184e-4,Minor
apmap_3,Gland,3.6948515155737376e-4,Minor
aprt,Gland,1.7973418733281142e-4,Minor
arcn1,Gland,3.6037402641334883e-4,Minor
arf1,Gland,3.7005143672425565e-4,Minor
arf1_2,Gland,6.100688100998104e-4,Minor
arf4,Gland,3.409691016691007e-4,Minor
arfgap2,Gland,1.0089345908175682e-4,Minor
arhgdib_arhgdia,Gland,7.105219371512815e-4,Minor
arl1,Gland,1.1363492219316434e-4,Minor
arl6ip5,Gland,1.4225525435466663e-4,Minor
arl8ba_arl8b,Gland,1.4700806377229028e-4,Minor
arp3,Gland,1.0745708055480272e-4,Minor
asna,Gland,5.973338912893745e-4,Minor
atl,Gland,1.22473024109609e-4,Minor
atox1,Gland,5.453972852049025e-4,Minor
atp5f1b,Dope,2.0678268554907047e-4,Minor
atp5f1b,Gland,0.0024005199839154346,Minor
atp5f1d,Gland,4.7620445868404754e-4,Minor
atp5mg,Gland,1.2953488254502656e-4,Minor
atp6ap1,Gland,2.7534171132870326e-4,Minor
atp6v0a1,Gland,2.977261247465577e-4,Minor
atpalpha,Gland,0.0010002292668596041,Minor
atpalpha_4,Dope,3.174279285118876e-4,Minor
atpalpha_4,Gland,0.002391557907097642,Minor
atpsynb,Gland,5.967069254755402e-4,Minor
atpsyncf6,Gland,5.925490990190868e-4,Minor
atpsynd_2;atpsynd,Gland,6.957662234289825e-4,Minor
atpsynf,Gland,5.373034755557499e-4,Minor
atpsyngamma,Gland,4.178988925490147e-4,Minor
atpsyno,Gland,6.874519702522364e-4,Minor
awd,Gland,2.592636724802318e-4,Minor
b3galt5,Gland,1.0275668019310409e-4,Minor
bai_tmed10,Gland,0.0013873170022025126,Minor
bcap31,Gland,1.7348406606984733e-4,Minor
beta-spec,Gland,1.1481624239897399e-4,Minor
beta-spec_2,Gland,9.836535855124709e-4,Minor
blmh,Gland,3.600004830856548e-4,Minor
blvrb,Gland,5.33133552196006e-4,Minor
blw_atp5f1a,Dope,1.687298699513138e-4,Minor
blw_atp5f1a,Gland,0.0027992681050459972,Minor
bpnt1,Gland,1.3159283506394294e-4,Minor
brafldraft,Gland,1.2984894343545802e-4,Minor
btf3l4,Gland,5.514618976528961e-4,Minor
bzw1;bzw1_2,Gland,1.2274418501419883e-4,Minor
c05d11.1,Gland,1.565303437522861e-4,Minor
c1qbp,Gland,2.443782060050855e-4,Minor
cadn_2;cadn_3;cadn,Gland,1.0587114638548829e-4,Minor
calr_crt,Gland,0.0010209019861119517,Minor
camki,Gland,4.1596252005873926e-4,Minor
cana-14f,Gland,1.553073515157245e-4,Minor
cand1,Gland,1.3336112785967467e-4,Minor
canx,Gland,1.853614390013186e-4,Minor
cap2,Gland,1.2280683993267532e-4,Minor
capn5,Gland,1.1059250437058561e-4,Minor
capsl_2,Gland,6.100869945542863e-4,Minor
cat2_2,Gland,9.348588529989628e-4,Minor
cav1_3,Gland,3.1244903671505473e-4,Minor
cbr1,Gland,2.4002818826825365e-4,Minor
cbx3,Gland,1.6299394344434882e-4,Minor
cct1,Gland,2.101585900151458e-4,Minor
cct2,Gland,3.8943187003384784e-4,Minor
cct3,Gland,1.40691403624901e-4,Minor
cct4,Gland,2.722280621423273e-4,Minor
cct5,Gland,2.058128592920255e-4,Minor
cct6,Gland,2.9550674208667836e-4,Minor
cct7,Gland,1.3889217319370647e-4,Minor
cct8,Gland,3.073020663519598e-4,Minor
cd109;cd109_5,Gland,4.921630834444457e-4,Minor
cd109_4,Gland,3.246297726412754e-4,Minor
cd63,Gland,0.0018289202645813843,Minor
cg12163,Gland,2.2492445836830985e-4,Minor
cg1354,Gland,4.030019374306465e-4,Minor
cg3556_15,Gland,4.012461921353476e-4,Minor
cg3556_2,Gland,6.906866399941894e-4,Minor
cher_2,Gland,0.0020675061401385798,Minor
chmp4b,Gland,1.913979336912747e-4,Minor
cisd1,Gland,3.0997378824170163e-4,Minor
ciz1,Gland,4.870055132787146e-4,Minor
clta,Gland,3.788085396794595e-4,Minor
cltc,Gland,0.0010919893636840603,Minor
cmpk_2;cmpk,Gland,2.4087527791347588e-4,Minor
cnbp,Gland,5.696192445641352e-4,Minor
cndp2,Gland,8.446826621466019e-4,Minor
cnn3,Gland,7.438613271674964e-4,Minor
cnp_2,Gland,1.5748782965786906e-4,Minor
col4a1_2,Gland,4.282103848314473e-4,Minor
col4a1_let-2,Gland,1.891004616062974e-4,Minor
comt;fignl1,Gland,1.689979202320379e-4,Minor
cont,Gland,4.3929946001298537e-4,Minor
copa,Gland,2.958902041311048e-4,Minor
copb1,Gland,2.6730888447637176e-4,Minor
copb2,Gland,1.6903135119495714e-4,Minor
cope,Gland,2.3230255784111216e-4,Minor
copg2,Gland,3.559583648446584e-4,Minor
cotl1,Gland,7.461309958937625e-4,Minor
cox5a,Gland,6.056293223458566e-4,Minor
cox5b,Gland,3.0138957929443696e-4,Minor
cox6a1,Gland,4.1434098870299824e-4,Minor
cox6b1,Gland,4.2231659270165897e-4,Minor
cp1,Gland,0.0020690879374039564,Minor
cpa_3,Gland,2.978958731411804e-4,Minor
cpb_capzb,Gland,1.6321182143099288e-4,Minor
cpib,Dope,3.555330227548629e-4,Minor
cpib,Gland,0.004385810090837836,Minor
cpm_2,Gland,2.1601731948265373e-4,Minor
cpt1a_2,Gland,1.1425592677952085e-4,Minor
cpt1a_3,Gland,1.2500994688012396e-4,Minor
crat,Gland,2.5554510030157204e-4,Minor
crip1,Gland,2.9544595758567035e-4,Minor
cs,Gland,4.516936803517094e-4,Minor
cse1l,Gland,4.305713830476185e-4,Minor
csga,Gland,2.2388761363300536e-4,Minor
csga_5,Gland,1.2887260046728528e-4,Minor
cth,Gland,4.58083052515653e-4,Minor
ctsa;ctsa_2,Gland,2.11306173485235e-4,Minor
ctsb,Gland,0.004740395805742533,Minor
ctsb_2,Dope,1.8519538905926238e-4,Minor
ctsb_2,Gland,0.010996705790213362,Minor
cubn_3,Gland,6.820406769412794e-4,Minor
cut-1_6,Gland,1.2670899639208896e-4,Minor
cyb5r1_cyb5r2,Gland,1.0830797662208812e-4,Minor
cyc1,Gland,2.1244516163549564e-4,Minor
cyp1,Dope,2.1144795104292727e-4,Minor
cyp1,Gland,0.0027865370492697636,Minor
cyt-b5,Gland,6.055502818695051e-4,Minor
dap,Gland,0.0034976013625797977,Minor
dars,Gland,2.870063543305315e-4,Minor
dcd2b,Gland,1.093726539254695e-4,Minor
dctn2,Gland,1.1822841416767293e-4,Minor
dcxr_2,Gland,1.0410016660829312e-4,Minor
ddost,Gland,2.13085291474216e-4,Minor
ddx1,Gland,1.5592921812703606e-4,Minor
ddx24,Gland,1.0830713730778223e-4,Minor
ddx39b,Gland,2.9635555287306275e-4,Minor
ddx3x,Gland,1.3125076334454092e-4,Minor
ddx4_vasa,Gland,1.5930662008351685e-4,Minor
dek,Gland,1.5053386676132504e-4,Minor
dhc64c,Gland,1.5178493493821644e-4,Minor
dhrs11_8;dhrs11_3;dhrs11_11;dhrs11_12;dhrs11_5;dhrs11_10,Gland,1.6416319016418978e-4,Minor
dhrs4,Gland,1.0749102600075877e-4,Minor
dhtkd1,Gland,1.1641788464335523e-4,Minor
dld,Gland,2.8902258210092605e-4,Minor
dlg1;dlg1_2,Gland,1.2220095172087926e-4,Minor
dlst,Gland,2.805401983475431e-4,Minor
dnajc22,Gland,8.533467162779686e-4,Minor
dpm1,Gland,1.6518405918266172e-4,Minor
dpp3_3,Gland,1.4971397026063298e-4,Minor
dpp3_4,Gland,1.1236187036931815e-4,Minor
dpys,Gland,4.389246885088311e-4,Minor
dsp1,Gland,4.5100141485917493e-4,Minor
dst_2,Gland,1.433248804508888e-4,Minor
dync1li2;dync1li1,Gland,1.2626037789216672e-4,Minor
eca,Gland,9.234093866592165e-4,Minor
ece2_2,Gland,2.904728023572146e-4,Minor
ech1_2,Gland,9.507825894247816e-4,Minor
echs1,Gland,4.10763176722642e-4,Minor
eci1,Gland,2.2958127389253612e-4,Minor
edf1,Gland,1.2900098909136525e-4,Minor
eef1alpha1,Gland,0.001554323451080186,Minor
eef1alpha1_2,Dope,0.0011989879327414777,Minor
eef1alpha1_2,Gland,0.01752825217536858,Minor
eef1b_2;eef1b,Gland,0.0025524011919488554,Minor
eef1d,Gland,0.0012540903647600314,Minor
eef1g,Gland,0.002321108851203279,Minor
eef5_tif51a_eif5a1,Gland,0.0034001495473818485,Minor
ef2,Gland,0.005326511246356658,Minor
eff_9;eff_2,Gland,2.4064270934674208e-4,Minor
efhd2,Gland,1.2120951036330392e-4,Minor
ehd1,Gland,3.3556764495461467e-4,Minor
ehd1_2,Gland,2.1102823457000617e-4,Minor
ehd1_3,Gland,1.0323574458372342e-4,Minor
eif2a,Gland,1.546720543563146e-4,Minor
eif2s1,Gland,1.951295218247448e-4,Minor
eif2s3y_sgce,Gland,1.2140573011842695e-4,Minor
eif3-s7,Gland,1.8777043035950064e-4,Minor
eif3-s8,Gland,1.2187245551177617e-4,Minor
eif3a_2,Gland,1.7670521889662474e-4,Minor
eif3b,Gland,1.279645012788656e-4,Minor
eif3eb,Gland,1.0961186891075307e-4,Minor
eif3f,Gland,1.0027200845227143e-4,Minor
eif3g-b,Gland,1.2603269858784414e-4,Minor
eif3i_v1g239264_iscu,Gland,1.3065673336697917e-4,Minor
eif3j,Gland,1.8281655409790412e-4,Minor
eif3k,Gland,1.382445489793192e-4,Minor
eif3m,Gland,1.1857589262149286e-4,Minor
eif4a1,Gland,4.789947702370925e-4,Minor
eif4a2,Gland,2.962249943479466e-4,Minor
eif4b,Gland,1.8421279318115347e-4,Minor
eif4ebp2_eif4ebp1,Gland,1.599795440190628e-4,Minor
eif4h,Gland,1.0181339990373942e-4,Minor
eif6,Gland,1.481830833381733e-4,Minor
elavl2,Gland,2.1675115979899817e-4,Minor
emc1,Gland,1.0043629325931478e-4,Minor
eno1,Gland,0.0029016790398508317,Minor
enpp6_3,Gland,1.4050253887621465e-4,Minor
epb41l3_2;epb41l3,Gland,5.346937939885924e-4,Minor
eprs,Gland,4.418432385307514e-4,Minor
erf1,Gland,1.7036541525267476e-4,Minor
ergic1,Gland,2.6006317522181063e-4,Minor
erlin2-b,Gland,1.642635231117817e-4,Minor
erp44_3;erp44_2,Gland,2.500190279161016e-4,Minor
esd_2;esd,Gland,2.491993138231954e-4,Minor
etfa,Gland,4.651919175609005e-4,Minor
etfb,Gland,5.794803366622866e-4,Minor
ewsr1,Gland,3.717555409965698e-4,Minor
exc-4,Gland,3.168963969081727e-4,Minor
f26e4.3_2,Gland,2.3587141193212276e-4,Minor
f42h10.3_lasp1,Gland,1.1171601867108814e-4,Minor
faf2-b,Gland,1.1381460663586889e-4,Minor
fam120a,Gland,1.7447304132983362e-4,Minor
fas2_3,Gland,5.359797410232575e-4,Minor
fasn_8,Gland,2.9332199092921795e-4,Minor
fau_2,Gland,0.0010659849582208294,Minor
fh,Gland,3.6820516783637254e-4,Minor
fib;fib_2,Gland,9.767410064344634e-4,Minor
fk506-bp1_fpr4,Gland,2.1746159597572042e-4,Minor
fk506-bp2_fkbp1b,Gland,1.3596124623424538e-4,Minor
fkbp12,Dope,1.8319621803890567e-4,Minor
fkbp12,Gland,0.0010521096804047832,Minor
fkbp7_fkbp3_fpr2,Gland,0.0012630762783209406,Minor
flo1_2;flo1,Gland,1.5579737466739932e-4,Minor
flo2_2;flo2,Gland,2.2157183770535284e-4,Minor
flr,Gland,1.3394874263158955e-4,Minor
folr3,Gland,2.556009935172313e-4,Minor
ftcd,Gland,1.2930932520368468e-4,Minor
fubp3_fubp1,Gland,2.0247040036217552e-4,Minor
futsch,Gland,1.0831185765952581e-4,Minor
g3bp2,Gland,1.5912759691680777e-4,Minor
galphaq,Gland,2.229778778260094e-4,Minor
ganab_moda,Gland,1.0369673910524113e-4,Minor
gapdh1,Dope,2.589605546420231e-4,Minor
gapdh1,Gland,0.004773842881549537,Minor
gar1,Gland,5.409097586032484e-4,Minor
gbe1,Gland,1.3032238818344702e-4,Minor
gbeta1,Gland,3.3143837434008723e-4,Minor
gcat,Gland,6.645597621150785e-4,Minor
gcdh,Gland,2.2840256601794668e-4,Minor
gcn1,Gland,1.4679202293099643e-4,Minor
gdh,Gland,2.0174097381111375e-4,Minor
gdi2_gdi1,Gland,9.50126881520493e-4,Minor
ghra_2,Gland,1.9440534043995455e-4,Minor
glrx3,Gland,1.4316610682112938e-4,Minor
glt1;LASC007144,Gland,1.7699799084286926e-4,Minor
glyp,Gland,3.8406465218520833e-4,Minor
glyp_2;glyp_3,Gland,9.344939675939762e-4,Minor
gmpr_gmpr2,Gland,2.114481856131576e-4,Minor
got1_3;REV__psma6,Gland,5.508445658571193e-4,Minor
got2,Gland,6.133895285546072e-4,Minor
gpd1,Gland,1.6949301150097858e-4,Minor
gpi;CON__Q3ZBD7,Gland,2.2433386248583965e-4,Minor
gpr158,Gland,3.961450842621436e-4,Minor
gpt2;gpt2_3;gpt2_4;gpt2_5,Gland,1.9826613467110714e-4,Minor
grhpr_7,Gland,8.248356836389962e-4,Minor
grn_6,Gland,1.2570902625243778e-4,Minor
grn_7,Gland,0.001840822720428634,Minor
gs2_2,Gland,0.0011292883016542788,Minor
gspt1,Gland,1.682232735796707e-4,Minor
gstd1_2;gstd1_gst1,Gland,4.286746867952284e-4,Minor
gstm1_3;gstm1_5;gstm1;LASC013486;gstm1_10,Gland,0.0012564733592570526,Minor
gstm2,Gland,1.080218578924161e-4,Minor
gstm3,Gland,0.0031231855605875344,Minor
gstz1_2,Gland,1.4809934599209487e-4,Minor
gyg1,Gland,1.1714578340392393e-4,Minor
gyg1_2,Gland,1.6322326937788886e-4,Minor
h2afv;his2av;LASC021431,Gland,4.8522639873705423e-4,Minor
h2afy,Gland,3.865498402898643e-4,Minor
hadh,Gland,1.774776810237666e-4,Minor
hadha,Gland,2.127828269402247e-4,Minor
hadhb,Gland,3.202109115589166e-4,Minor
hca,Dope,3.812018732837236e-4,Minor
hcb,Dope,2.1270783714342166e-4,Minor
hcc,Dope,1.8598330489466464e-4,Minor
hcd,Dope,3.621481959807063e-4,Minor
hce_hcf,Dope,6.765431611673873e-4,Minor
hcg,Dope,9.079694193722841e-4,Minor
hdgfl3;hdgfl3_2,Gland,1.611863184531923e-4,Minor
hdlbp_2;hdlbp_3,Gland,0.0019538151407983676,Minor
hibadh,Gland,1.489456269443289e-4,Minor
hibch,Gland,3.3562960210165325e-4,Minor
hint1,Gland,5.519622102433163e-4,Minor
his1.3,Gland,0.0020808210854698635,Minor
his1.3_2;his1,Gland,3.6405140267662154e-4,Minor
hm13,Gland,3.527155786113349e-4,Minor
hnrnp,Gland,4.963081755928258e-4,Minor
hnrnp_2,Gland,1.8202948521467682e-4,Minor
hnrnp_3,Gland,4.228457672741948e-4,Minor
hnrnpdl,Gland,0.002171703609612782,Minor
hnrnpf_hnrnph2,Gland,2.518398713496075e-4,Minor
hnrnpk,Gland,3.9410861850110775e-4,Minor
hnrnpl,Gland,2.1490730653923293e-4,Minor
hnrnpul1,Gland,2.047926319075869e-4,Minor
hpgd_14;hpgd_12,Gland,2.849257690844882e-4,Minor
hrb27c_2;hrb27c_4,Gland,2.2140906392802812e-4,Minor
hrb87f,Gland,0.00220497894444294,Minor
hsd17b10_2,Gland,2.5053589357975985e-4,Minor
hsd17b2_2;hsd17b2_5;bdh1_3;rdh16;hsd17b2_6;hsd17b6_3;bdh1_4;hsd17b2;hsd17b6_2,Gland,1.0303473663471075e-4,Minor
hsd17b6_hsd17b2,Gland,2.3691914369831671e-4,Minor
hsp60a,Gland,5.546951025065819e-4,Minor
hsp70b2_7;hsp70b2_hsp70a2;hsp70b2_4;hsp70b2_3;hsp70b2_5,Gland,0.002871285347136474,Minor
hsp83_hsp90aa1;hsp90ab1,Gland,0.0013448244440319055,Minor
hsp90b1,Gland,4.171571057841773e-4,Minor
hspa4l_2,Gland,1.3691010470472069e-4,Minor
hspa5,Gland,2.451242197844695e-4,Minor
hspa5_2,Gland,0.0010677559064032579,Minor
hspa9,Gland,2.312985935141772e-4,Minor
hspb1_2,Gland,1.045703593218155e-4,Minor
hspe1,Gland,7.129650140957533e-4,Minor
hspg2,Gland,0.001616931665947061,Minor
hts,Gland,3.886698197212979e-4,Minor
hts_2,Gland,4.209949217724771e-4,Minor
hyou1,Gland,1.1036403820413403e-4,Minor
iars,Gland,1.2875431000447431e-4,Minor
idh1,Gland,4.733884792750188e-4,Minor
idh2,Gland,0.0013529724199761004,Minor
idh3a,Gland,2.043888157596915e-4,Minor
idh3g,Gland,1.7631603137652772e-4,Minor
igf2bp1,Gland,4.499620469690203e-4,Minor
igf2r,Gland,1.7342292576566298e-4,Minor
immt,Gland,1.4147914876859683e-4,Minor
impa1,Gland,1.4186862608201633e-4,Minor
inx2_18,Gland,0.0025428203260827987,Minor
inx2_2;inx2_15,Gland,4.974677960336244e-4,Minor
ipgm-1,Gland,3.1346806688768415e-4,Minor
ipo4,Gland,1.0457960494361231e-4,Minor
ipo7,Gland,1.0343726467423036e-4,Minor
ist1,Gland,1.4768209918491484e-4,Minor
itga9,Gland,1.4273606704052642e-4,Minor
itpr1,Gland,1.9389594858619017e-4,Minor
ivd,Gland,2.346245844381207e-4,Minor
jafrac1,Gland,5.398474981954605e-4,Minor
jafrac1_2,Gland,0.0015914272474433818,Minor
jagn,Gland,0.0010241215963238137,Minor
jana,Gland,1.3013747904722418e-4,Minor
jhamt_7,Gland,0.0013831051656960378,Minor
kars1_2,Gland,2.0327631344135066e-4,Minor
khdrbs3,Gland,0.0014262119556079753,Minor
khsrp,Gland,1.2892326902974363e-4,Minor
kpnb1,Gland,2.080283816440799e-4,Minor
ktn1,Gland,0.0012125844154278636,Minor
kyat3,Gland,2.2255722640410235e-4,Minor
l(2)efl_hspb1,Gland,3.1016965260352656e-4,Minor
lac_7,Gland,2.056274676203275e-4,Minor
lam,Gland,2.347097748758696e-4,Minor
lam_2,Gland,5.396636023396199e-4,Minor
lama2_2,Gland,7.241837162910756e-4,Minor
lamp1,Gland,1.1580289994658232e-4,Minor
lamp1_2,Gland,6.632679858429528e-4,Minor
lamtor3,Gland,1.0462262760393154e-4,Minor
lana,Gland,1.1621970789043788e-4,Minor
lanb1,Gland,1.221218567111911e-4,Minor
lanb2_2,Gland,1.1474087780854382e-4,Minor
lap-2,Gland,5.706620646308133e-4,Minor
lap3,Gland,1.6938407081550306e-4,Minor
lark,Gland,1.680449624862408e-4,Minor
larp1,Gland,1.2855110334153885e-4,Minor
lars,Gland,1.2309148573778035e-4,Minor
lbr,Gland,1.6378757070220642e-4,Minor
lcp1,Gland,6.544333972881699e-4,Minor
ldlr,Gland,1.5264978791830594e-4,Minor
lec-1,Gland,0.0010641593381632039,Minor
lgmn_2,Gland,2.5328317290884125e-4,Minor
lin7b,Gland,3.37699097553067e-4,Minor
llgl1,Gland,5.809959503595125e-4,Minor
lman1,Gland,3.1793621932426486e-4,Minor
lman2,Gland,1.515453000980346e-4,Minor
lman2l,Gland,0.0060497260095145,Minor
lmf2,Gland,1.706654922327178e-4,Minor
loxl2,Gland,3.645915496323756e-4,Minor
lrp2_6,Gland,3.031751776346633e-4,Minor
lrpap1,Gland,1.3854682486220474e-4,Minor
lrrc47,Gland,1.199858921666717e-4,Minor
lrrc59,Gland,1.9526283581494536e-4,Minor
lypla2,Gland,1.65068829440531e-4,Minor
m6pr,Gland,1.2025112476385227e-4,Minor
macrod1_macrod2,Gland,1.0643315825771778e-4,Minor
maob_3,Gland,2.1346565896727406e-4,Minor
mapk1;nlk_2;nlk,Gland,1.1595782169010615e-4,Minor
mapre3,Gland,2.699019497626878e-4,Minor
mas_ppaf2,Gland,2.481651083061148e-4,Minor
mdh1,Gland,9.193239436251771e-4,Minor
mdh2,Gland,0.0010435412338863014,Minor
me1,Gland,5.873501917072175e-4,Minor
mecr,Gland,1.2169738670921533e-4,Minor
meltf,Gland,0.00027217790704259465,Minor
metap1,Gland,1.43484761947215e-4,Minor
metap2,Gland,1.7174332466473e-4,Minor
mif,Gland,1.4739211586634675e-4,Minor
mlc-c,Gland,0.001447558606740295,Minor
mlec,Gland,1.2893169840763515e-4,Minor
mo25,Gland,1.0164169941688931e-4,Minor
moe,Gland,9.04507225965062e-4,Minor
mpp6,Gland,3.494391561800438e-4,Minor
mroh1,Gland,1.294385738100025e-4,Minor
mrpl12,Gland,1.060008003078369e-4,Minor
mtap,Gland,1.600205953693836e-4,Minor
mthfs_2,Gland,4.102456168389115e-4,Minor
mtpn,Gland,4.231488818604601e-4,Minor
mttp_2,Gland,2.3523450395801905e-4,Minor
mvp,Gland,1.968561333300759e-4,Minor
myef2,Gland,2.2344017732022975e-4,Minor
myg1,Gland,2.3268727899782411e-4,Minor
myo6_jar,Gland,2.366526031698015e-4,Minor
mys_2;mys,Gland,2.695610016717763e-4,Minor
naca,Gland,4.010773900784923e-4,Minor
naga_3,Gland,1.3394072198258261e-4,Minor
nap1l1-b,Gland,2.0784829128135814e-4,Minor
nars,Gland,1.9177769782921148e-4,Minor
ncam1,Gland,1.1666887958477953e-4,Minor
ncl,Gland,0.0013357324835966246,Minor
nd-42,Gland,1.286634262717824e-4,Minor
ndrg3_ndrg4-a,Dope,1.1299736815683784e-4,Minor
ndrg3_ndrg4-a,Gland,5.67748828925525e-4,Minor
ndufa4,Gland,3.3179892635579005e-4,Minor
ndufa5,Gland,1.668108511945096e-4,Minor
ndufa7,Gland,1.5549244710811886e-4,Minor
ndufa8,Gland,1.9349436327607995e-4,Minor
ndufa9,Gland,1.2108392694322314e-4,Minor
ndufaf7,Gland,1.853486410514388e-4,Minor
ndufb4,Gland,1.1362372053153796e-4,Minor
ndufs1,Gland,1.7845023558081126e-4,Minor
ndufs2,Gland,1.1584855327884443e-4,Minor
ndufs3,Gland,1.3752953979366013e-4,Minor
ndufv1,Gland,1.1104835410268595e-4,Minor
ndufv2,Gland,0.00015603227251721999,Minor
nhp2,Gland,4.186169730547394e-4,Minor
nipsnap_2,Gland,1.1545119338661819e-4,Minor
nnmt_v1g200856,Gland,3.7236053881579446e-4,Minor
nnt,Gland,3.889982696628366e-4,Minor
nolc1;LASC000397,Gland,2.10932069559831e-4,Minor
nop10,Gland,4.548430354506411e-4,Minor
nop56,Gland,5.224539978315692e-4,Minor
nop58_2;nop58;nop58_3,Gland,4.552657960283167e-4,Minor
nop60b,Gland,4.903270169940246e-4,Minor
npc2a_2,Gland,2.514895798459664e-4,Minor
nrg,Gland,4.918849302250993e-4,Minor
nrg_2,Gland,1.0505768607192721e-4,Minor
nrx-iv,Gland,2.4872475421641293e-4,Minor
nucb2,Gland,2.4315183229455905e-4,Minor
nudt16,Gland,1.148607225292264e-4,Minor
nupr1,Gland,0.001761504492570982,Minor
nurf-38_ipp1,Gland,1.8719835162944037e-4,Minor
nxnl2,Gland,1.5315066164248294e-4,Minor
oat,Gland,2.4372359710723204e-4,Minor
ogdh,Gland,1.8690548179393354e-4,Minor
oplah,Gland,2.0165118614685152e-4,Minor
oxr1_2,Gland,1.2022798320980066e-4,Minor
pa2g4,Gland,5.395949156209909e-4,Minor
pabpc1,Gland,5.82061985308058e-4,Minor
paip1,Gland,1.7540469560051836e-4,Minor
park7,Gland,4.724524073728082e-4,Minor
parn,Gland,1.2835086666999784e-4,Minor
pc;osr2,Gland,1.7360453030816956e-4,Minor
pcca,Gland,2.358872874412676e-4,Minor
pccb,Gland,2.3201913352758428e-4,Minor
pcd_pcbd2,Gland,6.069405629379178e-4,Minor
pdcd4,Gland,1.760013603052506e-4,Minor
pdcd6;pdcd6_bche,Gland,1.3837505157148958e-4,Minor
pdcd6_2,Gland,1.8649871401918994e-4,Minor
pde12_4,Gland,1.5679153884985513e-4,Minor
pdhb-1_pdhb,Gland,2.6295952850735377e-4,Minor
pdi,Gland,0.0012370673319886567,Minor
pdia3,Gland,0.0013915568857302703,Minor
pdia4,Gland,1.0627927513646385e-4,Minor
pdia6,Gland,0.0015353392526074546,Minor
pebp1,Gland,5.62499667873881e-4,Minor
pepd,Gland,1.1327090322286537e-4,Minor
pgd,Gland,1.3428347053107554e-4,Minor
pgk,Gland,8.669714326742227e-4,Minor
pgm1_2,Gland,1.8362476545258797e-4,Minor
pgm2,Gland,1.3795102117429223e-4,Minor
pgrmc2,Gland,1.0497382796123598e-4,Minor
phb,Gland,4.6227578020875654e-4,Minor
phb2,Gland,2.9758775584992874e-4,Minor
phgdh,Gland,0.001500486639589801,Minor
piwil1,Gland,2.1504856158873563e-4,Minor
pka-c1;pka-c1_2,Gland,2.0795699580723168e-4,Minor
pka-r2_2,Gland,2.8076683777223196e-4,Minor
pkm,Gland,5.121636749027933e-4,Minor
pkm_3,Gland,6.740981628863437e-4,Minor
pld3,Gland,1.944885562180124e-4,Minor
plekhf2,Gland,1.0896263264053468e-4,Minor
plin2,Gland,2.6323568415415576e-4,Minor
plxdc1,Gland,2.93902657048361e-4,Minor
pm20d2_5;pm20d2_8;pm20d2_6;pm20d2_3,Gland,1.2924633962375633e-4,Minor
pnliprp1,Gland,2.6926346496706073e-4,Minor
pnliprp3_pnlip,Gland,1.8249895396016587e-4,Minor
ppib_cyn-5,Gland,6.473527507926656e-4,Minor
ppib_cypb,Gland,1.917556316349615e-4,Minor
ppif,Gland,4.970442522422836e-4,Minor
ppm1e,Gland,1.2553252219431796e-4,Minor
ppp1cb,Gland,1.0945247039012953e-4,Minor
ppp1cc_ppp1cc-b,Gland,1.7322524903094045e-4,Minor
ppp2ca,Gland,1.6645931589953175e-4,Minor
ppp2r1a,Gland,2.664905079419131e-4,Minor
prdx3,Gland,2.4253402893397976e-4,Minor
prdx4_prdx1,Gland,2.5156712046420216e-4,Minor
prdx6,Gland,4.4381756963707503e-4,Minor
prep,Gland,1.3493364409547536e-4,Minor
prmt8,Gland,1.821644165112257e-4,Minor
pro5,Gland,0.0014008438639425437,Minor
prtp,Gland,1.0685046568159465e-4,Minor
psap,Gland,6.104480256364044e-4,Minor
psat1,Gland,0.001962880430988468,Minor
psma1,Gland,2.8572821710800666e-4,Minor
psma2,Gland,3.6066014762382403e-4,Minor
psma3,Gland,4.2485027566842054e-4,Minor
psma4,Gland,2.5153204455522003e-4,Minor
psma5,Gland,4.971594057808496e-4,Minor
psma6,Gland,3.416944151452295e-4,Minor
psma8_2,Gland,3.3161543337938956e-4,Minor
psmb1_2;psmb1,Gland,4.6216505373865687e-4,Minor
psmb2,Gland,2.887421663524932e-4,Minor
psmb3,Gland,2.315852263682123e-4,Minor
psmb4,Gland,3.957169224923988e-4,Minor
psmb5,Gland,1.6798761532361143e-4,Minor
psmb6,Gland,2.5626568832987876e-4,Minor
psmb7_2,Gland,3.192818362003399e-4,Minor
psmc2,Gland,2.3968683218125207e-4,Minor
psmc3,Gland,1.9676941007674628e-4,Minor
psmc5,Gland,3.4326493916634444e-4,Minor
psmc6,Gland,2.8369690689183664e-4,Minor
psmd12,Gland,1.7775573546477717e-4,Minor
psmd13,Gland,1.6181763199617704e-4,Minor
psmd1_rpn2,Gland,1.1462792941657174e-4,Minor
psmd2,Gland,1.8108205376508364e-4,Minor
psmd4,Gland,1.996428362170467e-4,Minor
psmd8,Gland,1.6504649872557545e-4,Minor
psme3,Gland,2.4486599354663964e-4,Minor
ptbp1,Gland,1.1473614374816967e-4,Minor
ptcd2,Gland,1.9562784215936888e-4,Minor
pura,Gland,3.0458948289343517e-4,Minor
pxn,Gland,1.2052292699331124e-4,Minor
qars,Gland,4.3959300020460007e-4,Minor
qdpr,Gland,3.578873666682429e-4,Minor
rab14,Gland,1.5098715424353092e-4,Minor
rab1a,Gland,0.0012237647335758429,Minor
rab2a,Gland,0.00035531175344118377,Minor
rab5b,Gland,4.011537578128851e-4,Minor
rab6a,Gland,0.0010775785647765249,Minor
rab7_rab7a,Gland,4.216247237659052e-4,Minor
rab7_rab7a_2,Gland,3.2642651162031924e-4,Minor
rack1,Gland,0.0029650207041256485,Minor
rad23b,Gland,2.044830865313675e-4,Minor
ran-4;nutf2,Gland,2.4031622070864547e-4,Minor
ran_2,Gland,4.916204126515785e-4,Minor
ranbp1,Gland,1.4684320582607617e-4,Minor
rap1b,Gland,3.285665161494961e-4,Minor
rars,Gland,3.1625673714890724e-4,Minor
rbm4_rbm14,Gland,4.86905188774235e-4,Minor
reep5_4,Gland,9.145241251565219e-4,Minor
rheb,Gland,1.2378625431748086e-4,Minor
rho-1_3,Gland,3.0818566910397973e-4,Minor
rho1_7,Gland,5.473207538079278e-4,Minor
rpia,Gland,1.293010712955346e-4,Minor
rpl-36.a,Gland,6.954607643332812e-4,Minor
rpl-7,Gland,0.004671725065973464,Minor
rpl10,Gland,0.0015255984907115384,Minor
rpl10ab;rpl10a,Gland,0.0031335541595347008,Minor
rpl11,Gland,0.004441985661564601,Minor
rpl12,Gland,0.004286992953391491,Minor
rpl13,Gland,0.0032828109683688163,Minor
rpl13a,Gland,0.003343648868535239,Minor
rpl14,Gland,0.004361733785830298,Minor
rpl15,Gland,0.0026715792249477803,Minor
rpl17,Gland,0.003944186431722711,Minor
rpl18,Gland,0.0035868810314424386,Minor
rpl18a,Gland,0.0019424880033838698,Minor
rpl19,Gland,0.0019948086477599002,Minor
rpl21,Gland,0.002100870884887902,Minor
rpl22,Gland,0.003718573650621943,Minor
rpl23_rpl23-a,Gland,0.003557198073762014,Minor
rpl23a,Gland,0.004981553994143978,Minor
rpl24,Gland,0.002371221129254855,Minor
rpl26,Gland,2.2088724020457462e-4,Minor
rpl26_2,Gland,0.002138001638193978,Minor
rpl27,Gland,0.002614690591759452,Minor
rpl27a;rpl27a_2,Gland,0.005222357469832034,Minor
rpl28,Gland,0.0015659079061035807,Minor
rpl3,Gland,0.0020727863651851777,Minor
rpl30,Gland,0.0019732525085227786,Minor
rpl31,Gland,0.0038487553155010655,Minor
rpl32,Gland,0.001552143818008692,Minor
rpl34,Gland,0.0034363338554622633,Minor
rpl35_2;rpl35,Gland,0.00159367052828237,Minor
rpl35a,Gland,0.0013981771158612575,Minor
rpl36,Gland,0.003392410921754772,Minor
rpl37a_2,Gland,0.00087177968783034535,Minor
rpl38,Gland,0.0025258249123115153,Minor
rpl39,Gland,0.002464055193108493,Minor
rpl4,Gland,0.005287471835760344,Minor
rpl5_rpl5-a,Gland,0.0025590780694882413,Minor
rpl6_rpl-6,Gland,0.0037181471059800834,Minor
rpl7a,Gland,0.004573833141817535,Minor
rpl8,Gland,0.0026895956191165136,Minor
rpl9,Gland,0.0011497147434849154,Minor
rpl9_2,Gland,0.002436539563400603,Minor
rplp0,Gland,0.0037729193776371408,Minor
rplp1,Gland,0.0019942433202643443,Minor
rplp1_2,Gland,1.26169720768061e-4,Minor
rpn1,Gland,3.125271432694142e-4,Minor
rpn11,Gland,2.0879572423124256e-4,Minor
rpn2,Gland,2.522856425366493e-4,Minor
rpn6,Gland,2.4306955367425938e-4,Minor
rpn7_psmd6_2;rpn7_psmd6,Gland,1.6062440047934418e-4,Minor
rpn8,Gland,1.0985771211074376e-4,Minor
rpp-2_rplp2,Gland,0.005723331239615234,Minor
rps10b,Gland,0.00367146452305177,Minor
rps11,Gland,0.0024706691051772913,Minor
rps12,Gland,0.0019456185505772824,Minor
rps13,Gland,0.003285234993423547,Minor
rps14,Gland,0.005144142929360169,Minor
rps15,Gland,0.0022124435769419588,Minor
rps15a,Gland,0.0038051300700084234,Minor
rps16_2,Gland,0.003992594932013176,Minor
rps17,Gland,0.0020020684818998135,Minor
rps18,Gland,0.0029330512711195356,Minor
rps19,Gland,0.0037158527626293975,Minor
rps20,Gland,0.002852707134559102,Minor
rps21,Gland,0.0022053025623668737,Minor
rps23,Gland,0.003325440390347367,Minor
rps24,Gland,0.002138251062046636,Minor
rps25,Gland,0.005026531866778623,Minor
rps26,Gland,0.0026212693306461223,Minor
rps27a;rpl40,Dope,0.0010775316208726556,Minor
rps27a;rpl40,Gland,0.004626589098566444,Minor
rps27l_rps27,Gland,0.0017742325648462732,Minor
rps28,Gland,0.00369874773269643,Minor
rps2_2,Gland,0.002643242603769422,Minor
rps3,Gland,0.004224785381769894,Minor
rps4,Gland,0.0031889475444925727,Minor
rps5,Gland,0.0021583692705110765,Minor
rps6,Gland,0.003048578547604663,Minor
rps7,Gland,0.0034216542509586103,Minor
rps8,Gland,0.005047639893379379,Minor
rps9,Gland,0.004306982996510704,Minor
rpsa;LASC009994,Gland,0.005101770348096793,Minor
rpt2_2,Gland,3.307184675544458e-4,Minor
rsf1_2,Gland,0.0012380785108608012,Minor
rsf1_3,Gland,8.91935407432863e-4,Minor
rtca,Gland,1.2840000905163038e-4,Minor
rtcb,Gland,1.3956274470020133e-4,Minor
rtn3-b,Gland,5.169681693820106e-4,Minor
rtraf,Gland,1.1718374691400222e-4,Minor
sacm1l_sacm1lb,Gland,2.1138466292432005e-4,Minor
sams-4_mat2a_mat1a;mat1a,Gland,1.0161001918385973e-4,Minor
sar1a_zk180.4_sar1b,Gland,5.38705778772411e-4,Minor
sar1b,Gland,4.0140993093302563e-4,Minor
sars,Gland,4.058565723800784e-4,Minor
sccpdh;sccpdh_3,Gland,1.0659269597324979e-4,Minor
scfd1,Gland,1.1187888349208356e-4,Minor
scsalpha1_os07g0577700,Gland,2.88969052355474e-4,Minor
sdha,Gland,4.890215275900713e-4,Minor
sdhb,Gland,2.8730337614486096e-4,Minor
sec11c,Gland,3.311784083713137e-4,Minor
sec13,Gland,1.1207104796857862e-4,Minor
sec22b,Gland,3.8372819362493375e-4,Minor
sec23a,Gland,1.947694790997666e-4,Minor
sec24c_2,Gland,1.032839641478316e-4,Minor
sec31a;REV__wnt4_wnt11,Gland,2.0615465031189413e-4,Minor
sec61b,Gland,0.0015665778868874714,Minor
sec61g,Gland,5.548322470468717e-4,Minor
sec63,Gland,1.0708418886508783e-4,Minor
sep1,Gland,1.5840301395745964e-4,Minor
sep2,Gland,1.4551995242050966e-4,Minor
septin7,Gland,2.1753295223445236e-4,Minor
serbp1,Gland,2.709365635633843e-4,Minor
serbp1_2,Gland,1.4762839584091166e-4,Minor
serca_2,Gland,3.4062066888945877e-4,Minor
sesb,Gland,0.0022869667565407034,Minor
set,Gland,9.122964333961724e-4,Minor
sfpq,Gland,2.0407483765544457e-4,Minor
sfpq_2,Gland,2.964452792000034e-4,Minor
sfxn1,Gland,2.569642622364847e-4,Minor
sgtb,Gland,1.3432895243278064e-4,Minor
sh3beta,Gland,1.021812361367764e-4,Minor
shmt2,Gland,0.001281024254939358,Minor
sirt5,Gland,2.216390350337591e-4,Minor
slc25a1;slc25a1b,Gland,1.6944231719589765e-4,Minor
slc25a3;slc25a3_2,Gland,7.178102585179394e-4,Minor
slc25a4,Gland,3.1097476938240804e-4,Minor
slc3a1_3,Gland,7.605334533568122e-4,Minor
slc7a6_slc7a8,Gland,2.6973515507527045e-4,Minor
slc9a3r1,Gland,2.6989422723335075e-4,Minor
slit1_2,Gland,2.184397099440196e-4,Minor
smo-1,Gland,4.191709811893759e-4,Minor
snb-1_vamp3_syb;LASC010337,Gland,1.7502851717567726e-4,Minor
snd1,Gland,0.0016881257594289017,Minor
snr-4,Gland,1.2636692356978574e-4,Minor
snrpd3_2,Gland,1.6349091229515904e-4,Minor
snu13,Gland,9.988745141618377e-4,Minor
snx12,Gland,1.5917787649961788e-4,Minor
snx2,Gland,2.1029387044847148e-4,Minor
snx6,Gland,1.1642672038251346e-4,Minor
sod-2,Gland,3.463492871012142e-4,Minor
sod1,Gland,0.0011146333501320421,Minor
sorbs1_2,Gland,1.357648366912308e-4,Minor
sp-1339#prd34368.1_3,Dope,0.004606760213734528,Minor
sp-1339#prd34368.1_3,Gland,0.020671471850995774,Minor
sp-1339#prd34368.1_3,Silk,0.011584302943594959,Minor
sp-1339#prd34368.1_4,Gland,2.666885550895211e-4,Minor
spa,Gland,1.6645159810928207e-4,Minor
spac4h3.07c,Gland,1.2611395470868647e-4,Minor
spcs2,Gland,1.681482514748873e-4,Minor
sptbn5,Gland,6.401764735815931e-4,Minor
sqd,Gland,9.346024902623588e-4,Minor
sqh,Gland,3.3484120168107023e-4,Minor
sqh_2,Gland,5.732092236816555e-4,Minor
sqstm1,Gland,2.3384015451361644e-4,Minor
srp14,Gland,1.2452729327192347e-4,Minor
srp54,Gland,1.0430868757062525e-4,Minor
srp68,Gland,1.3643675903502242e-4,Minor
srsf12,Gland,1.336617167897906e-4,Minor
srsf4_3;b52,Gland,4.040685997593026e-4,Minor
ssb,Gland,1.308381487293199e-4,Minor
ssr1,Gland,0.002380459400648801,Minor
ssr2,Gland,0.0012908512836924382,Minor
ssr4,Gland,0.001799936039515883,Minor
stip1,Gland,2.9597589089132574e-4,Minor
stom,Gland,1.8041215472081612e-4,Minor
sub1,Gland,1.183812387054043e-4,Minor
suclg2,Gland,2.728901718260466e-4,Minor
sult1c2a_3;sult1b1_7;sult1b1_4;sult1c2a,Gland,1.0328563786505269e-4,Minor
surf4,Gland,7.038836541330478e-4,Minor
syncrip,Gland,1.9148602596308096e-4,Minor
syncrip_2,Gland,4.340673350634557e-4,Minor
t05h10.6,Gland,2.1829783104452413e-4,Minor
taldo1_taldo,Gland,5.386727029839057e-4,Minor
tars1_tarsl2,Gland,2.3223143299466552e-4,Minor
tbb-4;CON__ENSEMBL:ENSBTAP00000025008,Dope,2.0572815799141722e-4,Minor
tbb-4;CON__ENSEMBL:ENSBTAP00000025008,Gland,0.0047655827320889806,Minor
tbb-4_tubb4b,Gland,8.89703528224741e-4,Minor
tbl2,Gland,6.598781040187976e-4,Minor
tdh,Gland,3.5748379453881383e-4,Minor
tecr_art-1,Gland,1.5945695309741787e-4,Minor
ter94_vcp,Gland,8.929886490613941e-4,Minor
tfg,Gland,1.2090785343773883e-4,Minor
tg_3,Gland,5.152497958144055e-4,Minor
tgas006m08.1_3;tgas006m08.1_2;tgas006m08.1;h4-viii_2;h4-viii;LASC022855;LASC022852,Dope,0.0027154832992101023,Minor
tgas006m08.1_3;tgas006m08.1_2;tgas006m08.1;h4-viii_2;h4-viii;LASC022855;LASC022852,Gland,0.01633770137042724,Minor
tgfbi_3,Gland,1.5117223853643286e-4,Minor
tgfbi_4,Dope,0.0038837763222096832,Minor
tgfbi_4,Gland,0.0018315885876199053,Minor
tial1_tia1;tia1,Gland,1.029656344844772e-4,Minor
tktl2_tktl1,Gland,4.829776895935532e-4,Minor
tln2,Gland,2.2843127220999396e-4,Minor
tm_fabg;ykvo_tm_fabg,Gland,5.529630160002231e-4,Minor
tmco1,Gland,1.1696505469854592e-4,Minor
tmed2,Gland,2.770365452326901e-4,Minor
tmed6,Gland,2.554813604968472e-4,Minor
tmed7,Gland,1.623749724544226e-4,Minor
tmem214,Gland,3.958487774053497e-4,Minor
tmem68,Gland,1.4761496726556245e-4,Minor
tmx1,Gland,5.586627899796171e-4,Minor
tom1l2,Gland,1.4984759458292797e-4,Minor
tp02,Gland,1.1933002310661059e-4,Minor
tpd52,Gland,4.023548745417027e-4,Minor
tpi,Gland,0.0010527708322647853,Minor
tpo_pxt;pxt_3,Dope,2.626677863017042e-4,Minor
tpo_pxt;pxt_3,Gland,4.6539409262642524e-4,Minor
trip11,Gland,6.551434238753227e-4,Minor
tsr,Dope,1.9803792707590555e-4,Minor
tsr,Gland,0.00237322907146647,Minor
tth-1,Dope,1.20327406592496e-4,Minor
tth-1,Gland,0.00369699593459621,Minor
tth-1_2,Gland,2.2683666104027922e-4,Minor
tub2_2,Gland,4.594074795389323e-4,Minor
tuba1c,Gland,1.4562600130289932e-4,Minor
tubb4b,Gland,1.24826915316083e-4,Minor
tubb4b_3,Gland,5.195781579465133e-4,Minor
tubb4b_4,Gland,0.0010327274143182138,Minor
tufm,Gland,1.309098101555625e-4,Minor
twf2,Gland,1.3534047371472957e-4,Minor
txn,Gland,6.397534585563839e-4,Minor
txn2,Gland,1.0500144024991765e-4,Minor
txndc17,Gland,1.5253796787850895e-4,Minor
txnl1,Gland,1.4782287629695753e-4,Minor
uba1,Gland,5.384507382724676e-4,Minor
ubc,Dope,3.636165613604219e-4,Minor
ubc,Gland,0.002752105541675108,Minor
ube2l3,Gland,1.9417401728752146e-4,Minor
ube2l3_2,Gland,2.268490797859476e-4,Minor
ube2n_ubc-13,Gland,1.4536367191995842e-4,Minor
ube2v2,Gland,2.982676861458486e-4,Minor
ubxn1_ubxn1-a,Gland,1.0657813509969559e-4,Minor
uchl3_3;uchl3,Gland,3.5510233293815116e-4,Minor
ugp2_2,Gland,1.737178790161491e-4,Minor
unc-94,Gland,1.9532924507576627e-4,Minor
uqcrb,Gland,2.042564861749603e-4,Minor
uqcrc1,Gland,4.576881144757274e-4,Minor
uqcrc2,Gland,3.5413268595193724e-4,Minor
uqcrfs1,Gland,3.3699858581308676e-4,Minor
uqcrh,Gland,1.6743402270648158e-4,Minor
uqcrq,Gland,1.1579550861709965e-4,Minor
uso1,Gland,1.6219678486029368e-4,Minor
usp14,Gland,1.0279419483414729e-4,Minor
usp5,Gland,1.9753158377745872e-4,Minor
vapa,Gland,1.7398603778878547e-4,Minor
vat1l,Gland,1.0179991014278852e-4,Minor
vat1l_2,Gland,2.1209544635176721e-4,Minor
vdac2,Gland,0.0016189898131416982,Minor
vdac2_2,Gland,3.852996252012795e-4,Minor
vha14,Gland,2.3751272221580165e-4,Minor
vha26,Gland,6.735223403750721e-4,Minor
vha36-1,Gland,1.8066788531390256e-4,Minor
vha55,Gland,9.034981027835522e-4,Minor
vhaa,Gland,0.0010436578851820612,Minor
vhaac39-1,Gland,2.9282254100130493e-4,Minor
vhasfd,Gland,1.669348536835954e-4,Minor
vinc,Gland,5.015213608236986e-4,Minor
vit-6_vg,Dope,0.002363107515207777,Minor
vps35,Gland,1.3565923277086123e-4,Minor
wdr61,Gland,1.0029178718737902e-4,Minor
wos2,Gland,2.633371628590344e-4,Minor
x975_2,Dope,2.3880699135054605e-4,Minor
x975_2,Gland,4.253326050175487e-4,Minor
xirp2,Gland,2.481965642892423e-4,Minor
xync,Gland,3.958690018566945e-4,Minor
yars,Gland,2.2874054194812807e-4,Minor
ybx1,Gland,4.0884913420125593e-4,Minor
ywhae,Gland,0.00312849022422292,Minor
ywhae_2,Gland,4.824615046344901e-4,Minor
ywrd_5;ywrd_7;ywrd_6;ywrd_3;ywrd_2,Gland,0.0014299603033534453,Minor
zan_srfbp1,Gland,4.891479806989569e-4,Minor
zip,Gland,0.0017302020973245784,Minor
zk1073.1_2,Gland,5.414148733643258e-4,Minor
znf346,Gland,1.484031902779755e-4,Minor
128up,Gland,2.1307804070829704e-4,Major
14-3-3zeta_ywhab,Dope,0.0036559682683603087,Major
14-3-3zeta_ywhab,Gland,0.005107817386523883,Major
AcSp1b,Silk,0.0035443461034135944,Major
AcSp1c,Silk,0.004885847839770422,Major
AcSpa,Silk,0.0012305532125266845,Major
AgSp1,Dope,3.389859161204206e-4,Major
AgSp2b,Dope,2.1089000825627222e-4,Major
CON__P00761,Dope,0.022539587523094224,Major
CON__P00761,Gland,0.012735020404204583,Major
CON__P00761,Silk,0.08829614853841411,Major
CON__P02533;CON__P19001;CON__Q61782,Dope,2.52684112441792e-4,Major
CON__P02533;CON__P19001;CON__Q61782,Gland,1.1035068709907471e-4,Major
CON__P02533;CON__P19001;CON__Q61782,Silk,6.417239477712526e-4,Major
CON__P02769,Gland,2.188239523004336e-4,Major
CON__P04264,Dope,0.003308457538620952,Major
CON__P04264,Gland,8.870137870138732e-4,Major
CON__P04264,Silk,0.005148845427666124,Major
CON__P13645;CON__Q7Z3Y7;CON__Q7Z3Y8;CON__Q148H6;CON__Q2M2I5;CON__P05784;CON__Q7Z3Z0;CON__O76015;CON__Q7Z3Y9;CON__Q99456,Dope,0.0026954151931135656,Major
CON__P13645;CON__Q7Z3Y7;CON__Q7Z3Y8;CON__Q148H6;CON__Q2M2I5;CON__P05784;CON__Q7Z3Z0;CON__O76015;CON__Q7Z3Y9;CON__Q99456,Gland,7.019801291942653e-4,Major
CON__P13645;CON__Q7Z3Y7;CON__Q7Z3Y8;CON__Q148H6;CON__Q2M2I5;CON__P05784;CON__Q7Z3Z0;CON__O76015;CON__Q7Z3Y9;CON__Q99456,Silk,0.008013156811965273,Major
CON__P13647,Dope,1.4706064312598966e-4,Major
CON__P13647,Silk,4.3649878767703607e-4,Major
CON__P15636,Dope,0.0034651440560376006,Major
CON__P15636,Gland,0.002371986754029514,Major
CON__P15636,Silk,0.010611608608843465,Major
CON__P35527,Dope,0.0010865135815049409,Major
CON__P35527,Gland,3.6857725619853253e-4,Major
CON__P35527,Silk,0.0027915665060751138,Major
CON__P35908v2,Dope,0.004363917909225983,Major
CON__P35908v2,Gland,9.111038071210425e-4,Major
CON__P35908v2,Silk,0.010447862900463895,Major
CON__P48668;CON__P04259,Dope,1.6965663564817945e-4,Major
CON__P48668;CON__P04259,Gland,1.4035262526845512e-4,Major
CON__P48668;CON__P04259,Silk,3.3594377858016817e-4,Major
CaAn_20,Dope,7.23766615579407e-4,Major
CaAn_20,Gland,5.243154045995006e-4,Major
LASC000038,Gland,0.005056674612860829,Major
LASC000095,Dope,0.0024609621866917312,Major
LASC000095,Gland,0.0013761036083669127,Major
LASC000208,Gland,1.5659309529739775e-4,Major
LASC000281,Dope,0.0014306244685873201,Major
LASC000281,Gland,0.005854298316814912,Major
LASC000319,Dope,0.003913916240741349,Major
LASC000319,Gland,0.003184960388739396,Major
LASC000319,Silk,0.00680952091993596,Major
LASC000485,Dope,3.896544036724862e-4,Major
LASC000747,Dope,5.695140492741409e-4,Major
LASC000747,Gland,4.035729821291333e-4,Major
LASC000874,Silk,1.0061208798592442e-4,Major
LASC001452,Dope,1.0788324173764037e-4,Major
LASC001726,Dope,1.3089331766778193e-4,Major
LASC001726,Gland,0.00321049584467175,Major
LASC001730,Gland,0.0010801119935625822,Major
LASC001932,Dope,2.8115959573399556e-4,Major
LASC001932,Gland,1.067118579417278e-4,Major
LASC001961,Dope,7.27470388619705e-4,Major
LASC002397,Gland,4.4311654973556606e-4,Major
LASC002459,Dope,0.001962728610820492,Major
LASC002459,Gland,1.743106507398169e-4,Major
LASC002536,Gland,1.212914237108765e-4,Major
LASC002879,Dope,0.0015434891241224865,Major
LASC002879,Gland,7.770327324975302e-4,Major
LASC002879,Silk,4.4329379049213853e-4,Major
LASC003279,Gland,2.711969284065494e-4,Major
LASC003517,Dope,0.008158393396005178,Major
LASC003517,Gland,0.01039949053038331,Major
LASC003806,Dope,3.563769725054717e-4,Major
LASC003928,Gland,3.154956580608622e-4,Major
LASC003944,Dope,0.002608769685952175,Major
LASC003944,Gland,0.0029035094367249998,Major
LASC004161,Dope,1.6573568678997154e-4,Major
LASC004161,Gland,3.1403652047154814e-4,Major
LASC004484,Dope,0.002248726832312584,Major
LASC004484,Gland,0.006252947629714153,Major
LASC004595,Dope,1.8919514883637754e-4,Major
LASC004595,Gland,5.730556917583368e-4,Major
LASC004595,Silk,6.18364440520688e-4,Major
LASC004993;LASC006407,Dope,1.0557798944735709e-4,Major
LASC004993;LASC006407,Gland,6.636733623591441e-4,Major
LASC004995,Gland,1.0899316788212861e-4,Major
LASC005034,Gland,1.210378778513989e-4,Major
LASC005071,Dope,3.536698833317791e-4,Major
LASC005071,Gland,3.9537145300848326e-4,Major
LASC005079,Dope,2.040971096299429e-4,Major
LASC005079,Gland,4.916190339941527e-4,Major
LASC005081,Gland,4.970689009224098e-4,Major
LASC005082,Dope,1.0647896422569361e-4,Major
LASC005082,Gland,2.1723689146487226e-4,Major
LASC005175,Dope,0.004576179415865329,Major
LASC005175,Gland,4.461492121728292e-4,Major
LASC005175,Silk,0.0031156692527375394,Major
LASC005273,Dope,4.280341325481105e-4,Major
LASC005273,Gland,5.35670861936258e-4,Major
LASC005335,Dope,2.9774223522439274e-4,Major
LASC005335,Gland,1.6747517696765024e-4,Major
LASC005487,Gland,5.139050149459626e-4,Major
LASC005600,Dope,5.54255573484799e-4,Major
LASC005920,Dope,2.1580721372764823e-4,Major
LASC006288,Gland,1.7126392841130937e-4,Major
LASC006378;hspa8_hsp70;hspa8_2,Dope,0.003148823735743469,Major
LASC006378;hspa8_hsp70;hspa8_2,Gland,0.0023039193373132196,Major
LASC006408,Gland,9.9887919142327e-4,Major
LASC006421,Gland,3.500043335649796e-4,Major
LASC006772,Dope,1.0704227271203619e-4,Major
LASC007034,Silk,7.035479207450996e-4,Major
LASC007099,Gland,1.9708847280015197e-4,Major
LASC007277,Dope,1.8316346779173498e-4,Major
LASC007277,Gland,0.0011972359390069727,Major
LASC007795,Dope,7.422846107974951e-4,Major
LASC007795,Gland,8.459029754887195e-4,Major
LASC007797,Dope,3.333541723292381e-4,Major
LASC007797,Gland,3.6895690754105905e-4,Major
LASC007825,Dope,0.0030309302398965465,Major
LASC007825,Gland,0.0030604229780582413,Major
LASC007830,Dope,0.0010670581050629953,Major
LASC007830,Gland,0.00404589245133936,Major
LASC007856,Gland,1.229501639909315e-4,Major
LASC008219,Dope,0.0010563511356094393,Major
LASC008219,Gland,1.9285556025961574e-4,Major
LASC008512,Gland,1.295521409322252e-4,Major
LASC009124,Dope,2.0304687178356804e-4,Major
LASC009143,Dope,5.289072559433506e-4,Major
LASC009204,Dope,2.6843627478391344e-4,Major
LASC009347,Dope,4.91118955485481e-4,Major
LASC009488,Dope,2.1910932522879219e-4,Major
LASC009784,Dope,1.1218645357612833e-4,Major
LASC009784,Gland,4.3832109140194675e-4,Major
LASC009784,Silk,1.0439152831963012e-4,Major
LASC009843,Gland,2.557220414927963e-4,Major
LASC009843,Silk,0.0011309264972041088,Major
LASC009844,Silk,4.1446204216740015e-4,Major
LASC010016,Dope,0.0019854665688616136,Major
LASC010016,Gland,0.0036395339886509557,Major
LASC010016,Silk,9.185562190747207e-4,Major
LASC010482,Dope,1.276027498252254e-4,Major
LASC010482,Gland,1.4004653352444533e-4,Major
LASC010684,Dope,0.0012958368122095744,Major
LASC010830,Dope,6.658193460706187e-4,Major
LASC010830,Gland,5.304115887752663e-4,Major
LASC010973,Dope,2.070582898636225e-4,Major
LASC010973,Gland,1.6043945032099752e-4,Major
LASC011026,Gland,4.007063369694464e-4,Major
LASC011232;LASC017313,Dope,1.014239541812476e-4,Major
LASC011232;LASC017313,Gland,4.1149874612677733e-4,Major
LASC011347,Gland,2.869219581788743e-4,Major
LASC011384,Dope,0.0013444027085886849,Major
LASC011384,Gland,0.0012749595199878885,Major
LASC011801,Silk,2.7277915397846356e-4,Major
LASC011933,Dope,1.686350738118512e-4,Major
LASC011933,Gland,0.0012380205475492918,Major
LASC011962;LASC011960,Gland,4.404877844205792e-4,Major
LASC011984,Dope,6.271384760878108e-4,Major
LASC011995,Gland,1.229895403974231e-4,Major
LASC011995,Silk,5.172725495754337e-4,Major
LASC012061,Gland,1.1897620058304249e-4,Major
LASC012598,Dope,3.9016898709731077e-4,Major
LASC012598,Gland,1.6335190954515352e-4,Major
LASC013229,Dope,0.00473015133625922,Major
LASC013229,Gland,0.009625280095988363,Major
LASC013229,Silk,0.01631571998393913,Major
LASC013486,Dope,2.6019747598498075e-4,Major
LASC013558,Dope,1.1628473664738557e-4,Major
LASC013558,Gland,2.719070234766548e-4,Major
LASC013619,Dope,6.892863710524593e-4,Major
LASC013620,Dope,8.40097811096585e-4,Major
LASC013621,Dope,3.722194585232861e-4,Major
LASC013968,Dope,8.305512166786721e-4,Major
LASC014184;khc,Gland,1.517695251561102e-4,Major
LASC014747,Dope,6.119334743276755e-4,Major
LASC014844,Gland,0.0021076105212201476,Major
LASC015187;LASC015499;LASC003332,Dope,4.084028299821453e-4,Major
LASC015190,Dope,4.887194833678148e-4,Major
LASC015247,Dope,3.499389799725384e-4,Major
LASC015247,Gland,2.5498896301610663e-4,Major
LASC015261,Dope,1.1710910115825992e-4,Major
LASC015292,Gland,2.323813659736251e-4,Major
LASC015348,Gland,2.8129892203267664e-4,Major
LASC015439,Dope,0.0026838085581937145,Major
LASC015439,Gland,0.001510564368952743,Major
LASC015638,Dope,1.1111928356250791e-4,Major
LASC015638,Gland,0.0017735591793545263,Major
LASC015682,Dope,0.004560392748315706,Major
LASC015682,Gland,0.0020289489507510886,Major
LASC015735,Gland,5.975484103378682e-4,Major
LASC016132,Dope,0.0010683752708713025,Major
LASC016132,Gland,0.001966617090512468,Major
LASC016339,Dope,7.36883747073605e-4,Major
LASC016339,Gland,0.00153546443621317,Major
LASC016483,Dope,0.0014004970651353642,Major
LASC016483,Gland,8.95806787599745e-4,Major
LASC016532,Gland,1.656439428528109e-4,Major
LASC016678,Dope,1.755002920241358e-4,Major
LASC016954,Dope,6.44855641125821e-4,Major
LASC016997,Dope,1.2336128149252322e-4,Major
LASC016997,Gland,1.3278461234246698e-4,Major
LASC016997,Silk,5.002093069953477e-4,Major
LASC017035,Dope,0.0017244074273684016,Major
LASC017035,Gland,5.547668781221225e-4,Major
LASC017036,Dope,0.0027178405504682613,Major
LASC017036,Gland,0.003952114600620026,Major
LASC017094;LASC011374;gna12_2;gna12,Gland,4.0114587054359906e-4,Major
LASC017315,Dope,6.566239892963354e-4,Major
LASC017315,Gland,0.0011635516787551626,Major
LASC017532,Dope,1.7462435028588362e-4,Major
LASC017532,Gland,0.0017789711004810923,Major
LASC017532,Silk,3.82224887925803e-4,Major
LASC017551,Dope,6.968513996951538e-4,Major
LASC017716;LASC017623,Dope,0.001783937016403449,Major
LASC017716;LASC017623,Gland,0.002173698631317704,Major
LASC018234,Gland,3.455153728696485e-4,Major
LASC018595,Dope,7.122181311660931e-4,Major
LASC018595,Gland,0.001835481272266897,Major
LASC018595,Silk,0.0014306207117060342,Major
LASC018776,Gland,9.550012281909436e-4,Major
LASC018834,Dope,7.995388010567773e-4,Major
LASC018834,Gland,1.3627046059314663e-4,Major
LASC019011;LASC019014;LASC019013,Dope,5.194555898030946e-4,Major
LASC019011;LASC019014;LASC019013,Gland,1.1664210230999424e-4,Major
LASC019025,Gland,1.3487268593558653e-4,Major
LASC019081,Gland,1.1013497880222054e-4,Major
LASC019282;LASC015047,Dope,0.022962926220524177,Major
LASC019282;LASC015047,Gland,0.005905753721764822,Major
LASC019470;LASC022267;LASC022858,Dope,0.0042197695312880335,Major
LASC019470;LASC022267;LASC022858,Gland,0.015390218984924679,Major
LASC019923,Gland,0.016496576524897923,Major
LASC019959,Dope,1.7550810701057792e-4,Major
LASC019959,Gland,1.3513195946222333e-4,Major
LASC019960,Dope,1.629559374457503e-4,Major
LASC019960,Gland,3.840233472541864e-4,Major
LASC019967,Dope,3.953279403692332e-4,Major
LASC019967,Gland,5.459051699207313e-4,Major
LASC019981,Gland,1.4689878467644547e-4,Major
LASC020142,Dope,1.665546462980278e-4,Major
LASC020142,Gland,5.532065102843448e-4,Major
LASC020300,Dope,1.5638702902891864e-4,Major
LASC020300,Gland,1.6973880213039561e-4,Major
LASC020361,Gland,3.387454368660428e-4,Major
LASC020665,Gland,4.2576291328971875e-4,Major
LASC020761,Dope,5.718419079724717e-4,Major
LASC020761,Gland,0.0027471600187290927,Major
LASC020960,Gland,1.0543722899591122e-4,Major
LASC021266,Dope,0.0015716111821069832,Major
LASC021266,Gland,0.00123963549415553,Major
LASC021418,Dope,3.546370981731255e-4,Major
LASC021418,Gland,0.0034629664344895984,Major
LASC021594,Dope,0.005820135882368535,Major
LASC021594,Gland,0.004865609233255783,Major
LASC022131,Dope,1.005298744162861e-4,Major
LASC022131,Gland,1.4624150584146108e-4,Major
LASC022132,Dope,5.645136181501404e-4,Major
LASC022132,Gland,3.3144333909730585e-4,Major
LASC022304,Dope,1.3759788942707205e-4,Major
LASC022304,Gland,1.0396148500090322e-4,Major
LASC022305,Dope,5.324115882946192e-4,Major
LASC022305,Gland,3.964614061829414e-4,Major
LASC022638;LASC020963;LASC022639;LASC020964,Dope,1.3805474986349644e-4,Major
LASC022854;LASC022856;LASC016310,Dope,0.004664710026014242,Major
LASC022854;LASC022856;LASC016310,Gland,0.0038804458138062287,Major
LASC022857;LASC021646;LASC018874,Dope,0.006747574139547073,Major
LASC022857;LASC021646;LASC018874,Gland,0.014079567047958565,Major
MaSp1a,Dope,0.08381073838641198,Major
MaSp1a,Gland,0.020448015062609452,Major
MaSp1a,Silk,0.1344810529864273,Major
MaSp1b,Dope,0.07260134860487971,Major
MaSp1b,Gland,0.023856347639317422,Major
MaSp1b,Silk,0.07003910777269308,Major
MaSp1c,Dope,0.033564544329618216,Major
MaSp1c,Gland,0.006608207645830205,Major
MaSp1c,Silk,0.03755545498525417,Major
MaSp2a,Dope,0.03231866186524544,Major
MaSp2a,Gland,0.008328878273489701,Major
MaSp2a,Silk,0.08669064337538615,Major
MaSp2b,Dope,0.01270077028905149,Major
MaSp2b,Gland,0.0022547493959792506,Major
MaSp2b,Silk,0.04495407435599546,Major
MaSp2c,Dope,0.04147439378785356,Major
MaSp2c,Gland,0.047592151019787574,Major
MaSp2c,Silk,0.19870388824097732,Major
MaSp2e,Dope,0.04338412983779088,Major
MaSp2e,Gland,0.026294306871079844,Major
MaSp2e,Silk,0.14465249246065182,Major
MaSp2f,Dope,0.01995822591152739,Major
MaSp2f,Gland,0.00841196695466022,Major
MaSp2f,Silk,0.07116625007868767,Major
MaSp3a,Dope,0.011167326871520332,Major
MaSp3a,Gland,0.006222769614815218,Major
MaSp3a,Silk,0.029396800300919946,Major
MaSp3b,Dope,0.03654904858230063,Major
MaSp3b,Gland,0.01754827675504124,Major
MaSp3b,Silk,0.08393708357785071,Major
MaSp4,Dope,0.03119031972509412,Major
MaSp4,Gland,0.002004844020116424,Major
MaSp4,Silk,0.03403192572517881,Major
MiSpb,Silk,4.142917422065574e-4,Major
PySpa,Silk,0.0016800087620927884,Major
PySpb,Silk,0.004622751217372537,Major
Spice_15,Silk,1.477865986210392e-4,Major
Spice_8,Dope,0.002811288454712989,Major
Spice_8,Gland,3.377715503903948e-4,Major
Spice_8,Silk,6.481338416139493e-4,Major
Spidroin1,Dope,6.375767891270547e-4,Major
Spidroin1,Gland,4.563649636131763e-4,Major
Spidroin1,Silk,7.826950925051741e-4,Major
Spidroin3,Dope,5.842744853231635e-4,Major
Spidroin3,Gland,4.1826953667663974e-4,Major
Spidroin3,Silk,8.456366554041891e-4,Major
a2m_a2ml1,Dope,1.2791708608761362e-4,Major
aad-a,Dope,1.770043157777224e-4,Major
aad-a,Gland,3.0754202893217583e-4,Major
aael006169,Dope,0.0015565660738782027,Major
aael006169,Gland,0.0016226912530907373,Major
aael011789,Dope,2.3454244907100197e-4,Major
aael011789,Gland,4.5647390908493146e-4,Major
aass,Dope,3.3473211775315154e-4,Major
aass,Gland,8.417211173003172e-4,Major
abat,Dope,2.36909220154045e-4,Major
abat,Gland,7.237238966238838e-4,Major
abce1,Dope,1.5248311503169798e-4,Major
abce1,Gland,7.018111952689146e-4,Major
abhd11_17;abhd11_10;abhd11_14;abhd11_18,Dope,6.912914818604702e-4,Major
abhd11_17;abhd11_10;abhd11_14;abhd11_18,Gland,1.857666020230059e-4,Major
acaa2,Dope,1.1321274724613953e-4,Major
acaa2,Gland,2.9380427741220957e-4,Major
acad8,Gland,1.3633478604597787e-4,Major
acadm,Dope,1.3855922175189567e-4,Major
acads,Gland,2.6988229365419605e-4,Major
acat1-b,Dope,4.441797659366886e-4,Major
acat1-b,Gland,5.61139373178066e-4,Major
acat1_2,Gland,2.767428544579784e-4,Major
acdh-6_psmf1,Gland,1.1016413066723242e-4,Major
acly,Dope,3.747869088849673e-4,Major
acly,Gland,4.599740766408459e-4,Major
aco1_2;aco1,Dope,4.363373160658381e-4,Major
aco1_2;aco1,Gland,1.654054679927612e-4,Major
aco2,Dope,5.807366213670532e-4,Major
aco2,Gland,0.0015843253106087086,Major
acp4_3;acpp_pho-5,Dope,1.5214576594513654e-4,Major
acp4_3;acpp_pho-5,Gland,1.3045946993316167e-4,Major
acp7,Dope,2.312541406548019e-4,Major
acp7,Gland,4.983380825153685e-4,Major
acsl1_5,Gland,2.5356681069957474e-4,Major
actg1,Dope,0.0040717215377513525,Major
actg1,Gland,0.004085912144442307,Major
actn,Dope,2.4624702611196405e-4,Major
actn,Gland,1.4887380085432667e-4,Major
actr1b,Gland,1.7938884924512203e-4,Major
adk2,Gland,4.4199925498169564e-4,Major
adk_adk2;zbtb48_3,Dope,2.2327341441679663e-4,Major
adk_adk2;zbtb48_3,Gland,3.179598673361272e-4,Major
afg3l2,Gland,1.1620528165352153e-4,Major
agap002499,Dope,1.6937262350681914e-4,Major
agap002499,Gland,1.9709661950470853e-4,Major
agmat,Gland,2.716297028035194e-4,Major
ahcy-a,Dope,6.259981834984839e-4,Major
ahcy-a,Gland,8.36846832770056e-4,Major
ahcyl1,Gland,1.7745058403404783e-4,Major
aifm1,Gland,2.9771676851217464e-4,Major
aimp1,Dope,3.164049568695087e-4,Major
aimp1,Gland,2.2616684164081369e-4,Major
aimp2,Dope,1.756819687443209e-4,Major
akr1b10;akr1b10_2;akr1a1a_akr1a1,Dope,6.613665934633387e-4,Major
akr1b10;akr1b10_2;akr1a1a_akr1a1,Gland,5.956483814848923e-4,Major
aldh18a1,Gland,3.880716812971852e-4,Major
aldh1a2,Dope,0.0011446331530812022,Major
aldh1a2,Gland,0.0011676898278062983,Major
aldh1a2_2,Dope,3.0102665037387794e-4,Major
aldh1a2_2,Gland,2.2594636698875957e-4,Major
aldh1l2,Dope,5.214370184034338e-4,Major
aldh1l2,Gland,0.0011935737507948305,Major
aldh2_2,Dope,1.93136583643314e-4,Major
aldh2_2,Gland,7.480131802267457e-4,Major
aldh3a2_2;aldh3a2,Dope,2.7063901141462324e-4,Major
aldh3a2_2;aldh3a2,Gland,1.6648848058762334e-4,Major
aldh4a1,Dope,7.17454883992335e-4,Major
aldh4a1,Gland,4.751443374781623e-4,Major
aldh7a1,Dope,0.0010301800304698585,Major
aldh7a1,Gland,0.0011078859402421095,Major
alpha-cat,Gland,2.2900927363551327e-4,Major
alpha-spec,Dope,3.273879557429037e-4,Major
alpha-spec,Gland,9.913136913240368e-4,Major
alphatub85e_tuba1c,Dope,4.6057453115815245e-4,Major
alphatub85e_tuba1c,Gland,1.3494027714017093e-4,Major
alpl_8,Gland,3.072112272876683e-4,Major
ank3_8;ank2_6,Gland,3.1335823686287276e-4,Major
ankk1_2,Dope,1.0517876541543993e-4,Major
ankk1_2,Gland,2.1279164571310163e-4,Major
anp32a,Dope,1.1557363363945272e-4,Major
anp32a,Gland,2.026828341023077e-4,Major
anp32a_2,Dope,1.7398338066126787e-4,Major
anp32a_2,Gland,1.808911514619548e-4,Major
anxa11,Dope,0.0022215306444336863,Major
anxa11,Gland,4.4804277977378233e-4,Major
ap2a2_2,Gland,1.3840250557869169e-4,Major
ap2b1;ap1b1,Dope,1.8539617058302936e-4,Major
ap2b1;ap1b1,Gland,4.2685698543286875e-4,Major
apip,Dope,1.6454883377373347e-4,Major
apip,Gland,1.2579405000716874e-4,Major
aprt,Dope,2.7269106282967146e-4,Major
aprt,Gland,4.936223871437706e-4,Major
arcn1,Dope,4.784738264777068e-4,Major
arcn1,Gland,2.96383058596686e-4,Major
arf1,Dope,6.753549845145277e-4,Major
arf1,Gland,6.375438577314508e-4,Major
arf1_2,Dope,0.0015443823027739036,Major
arf1_2,Gland,5.294281522405195e-4,Major
arf4,Dope,0.001027103087391189,Major
arf4,Gland,8.973145316621758e-4,Major
arfgap2,Dope,2.922982329808631e-4,Major
arfgap2,Gland,3.8864190912769273e-4,Major
arhgdib_arhgdia,Dope,7.83984602702973e-4,Major
arhgdib_arhgdia,Gland,6.135028504712914e-4,Major
arl1,Dope,1.2430455239672956e-4,Major
arl6ip5,Gland,1.236635320758398e-4,Major
arl8ba_arl8b,Gland,1.8163406990463085e-4,Major
arp3,Gland,2.1452430906508283e-4,Major
asna,Dope,8.049929684636841e-4,Major
asna,Gland,3.7192120653264807e-4,Major
aspscr1,Dope,1.4204815762110508e-4,Major
atl,Gland,1.2338605973446557e-4,Major
atox1,Dope,7.901448156159277e-4,Major
atox1,Gland,0.0019963069852762015,Major
atp5f1b,Dope,8.737716676467833e-4,Major
atp5f1b,Gland,0.005053833700514397,Major
atp5f1e,Gland,1.7733757434335623e-4,Major
atp5mg,Gland,2.4002853561464407e-4,Major
atp6ap1,Gland,5.86501416752645e-4,Major
atpalpha,Dope,1.0424410091288582e-4,Major
atpalpha,Gland,7.413967167679573e-4,Major
atpalpha_4,Dope,6.058776122897032e-4,Major
atpalpha_4,Gland,0.0019623193601081496,Major
atpsynb,Dope,1.8218299069434841e-4,Major
atpsynb,Gland,3.526228260177102e-4,Major
atpsyncf6,Dope,2.0427285861256855e-4,Major
atpsyncf6,Gland,4.181248946899055e-4,Major
atpsynd_2;atpsynd,Dope,2.1623536898924563e-4,Major
atpsynd_2;atpsynd,Gland,0.001078125310654533,Major
atpsynf,Dope,1.9357851629568188e-4,Major
atpsynf,Gland,5.103962154611689e-4,Major
atpsyngamma,Gland,1.7262610133480328e-4,Major
atpsyno,Dope,1.2667238934866364e-4,Major
atpsyno,Gland,0.0014621635120531705,Major
avr2,Dope,4.2411251530182295e-4,Major
awd,Dope,2.955221294598985e-4,Major
b3galt5,Gland,4.090868894524787e-4,Major
bai_tmed10,Dope,8.591652447322074e-4,Major
bai_tmed10,Gland,6.442981470299796e-4,Major
bcap31,Dope,1.799796129442589e-4,Major
bcap31,Gland,1.83211515817218e-4,Major
beta-spec_2,Dope,2.5723528445445063e-4,Major
beta-spec_2,Gland,7.360707392815739e-4,Major
beta_3,Dope,2.5979322215125765e-4,Major
beta_3,Gland,2.1187916484759984e-4,Major
beta_3,Silk,4.548301285481126e-4,Major
blmh,Dope,8.556682312588533e-4,Major
blmh,Gland,3.74813447068978e-4,Major
blvrb,Dope,0.001117649062258182,Major
blvrb,Gland,4.339271618225572e-4,Major
blw_atp5f1a,Dope,0.0015105570206844809,Major
blw_atp5f1a,Gland,0.0033187372281814806,Major
bola2,Dope,3.285850207278687e-4,Major
bpnt1,Dope,2.588006699775005e-4,Major
brafldraft,Dope,1.1605179672746419e-4,Major
btf3l4,Dope,1.6543773762669575e-4,Major
btf3l4,Gland,2.2940346956551398e-4,Major
bzw1;bzw1_2,Gland,2.1815496907070305e-4,Major
c05d11.1,Dope,3.5415805979778183e-4,Major
c05d11.1,Gland,1.4934765671959833e-4,Major
c1qbp,Gland,2.1543790096069642e-4,Major
cadn_2;cadn_3,Gland,1.23502824761608e-4,Major
calr_crt,Dope,0.0011745583729040588,Major
calr_crt,Gland,0.0016488344032951424,Major
camki,Dope,3.477825500294967e-4,Major
camki,Gland,3.944109458056718e-4,Major
cana-14f,Dope,2.449534293358628e-4,Major
cana-14f,Gland,1.0127027224548504e-4,Major
canb2,Dope,1.6476704221077726e-4,Major
canb2,Gland,1.2612529682945104e-4,Major
cand1,Dope,1.7569259241088968e-4,Major
cand1,Gland,4.272516604599411e-4,Major
cap2,Dope,3.8465694736042707e-4,Major
cap2,Gland,1.1315608817267233e-4,Major
capsl_2,Dope,0.0019681714160267845,Major
capsl_2,Gland,8.994361534752906e-4,Major
cars,Dope,1.0880626067217718e-4,Major
cat2_2,Dope,1.7353698264783781e-4,Major
cat2_2,Gland,6.491455623036037e-4,Major
cbp53e,Gland,1.0647376070160259e-4,Major
cbr1,Dope,3.1441442747860357e-4,Major
cbr1,Gland,2.913893146428689e-4,Major
cbs,Dope,1.11301834685053e-4,Major
cbs,Gland,2.4921902510128467e-4,Major
cbx3,Gland,1.0604308580142783e-4,Major
cct1,Dope,2.6553177506131103e-4,Major
cct1,Gland,1.6043413429142676e-4,Major
cct2,Dope,3.0630000490278913e-4,Major
cct2,Gland,9.782275479881205e-4,Major
cct3,Dope,1.5209843737497148e-4,Major
cct3,Gland,3.246096282279366e-4,Major
cct4,Dope,2.8659314791338393e-4,Major
cct4,Gland,6.224076928078509e-4,Major
cct5,Dope,3.51130228779718e-4,Major
cct5,Gland,4.1710605313193417e-4,Major
cct6,Dope,3.324303697148034e-4,Major
cct6,Gland,2.7865972214376395e-4,Major
cct7,Dope,1.3409315884858325e-4,Major
cct7,Gland,3.0683534761190946e-4,Major
cct8,Dope,4.248774079692469e-4,Major
cct8,Gland,4.943849081592752e-4,Major
cd109;cd109_5,Gland,1.2568546750887967e-4,Major
cd109_4,Gland,1.830760968298617e-4,Major
cd63,Dope,0.0013406224595015471,Major
cd63,Gland,0.0011557349548131093,Major
cdc42_2,Gland,1.4779476273219942e-4,Major
cfad,Dope,5.802839319928549e-4,Major
cg12163,Dope,5.50157647996198e-4,Major
cg12163,Gland,1.5797356182642344e-4,Major
cg1354,Dope,6.809430110211118e-4,Major
cg1354,Gland,6.970629614562096e-4,Major
cg3556_15,Gland,3.5025592471930677e-4,Major
cg3556_2,Gland,8.90651909057184e-4,Major
cher_2,Dope,0.002820661793405342,Major
cher_2,Gland,0.0020325506634717707,Major
chit1_3;chit1_2,Dope,4.0142407694069616e-4,Major
chmp1a,Gland,1.127287575766427e-4,Major
chmp4b,Dope,2.891824362405186e-4,Major
chmp5,Gland,2.0662963271877646e-4,Major
cisd1,Gland,3.646479966376034e-4,Major
ciz1,Dope,1.35420372632369e-4,Major
ciz1,Gland,3.0747721625188994e-4,Major
clint1,Gland,1.169054057092508e-4,Major
clta,Dope,4.135687614846513e-4,Major
clta,Gland,2.3978378812209808e-4,Major
cltc,Dope,5.680746644825152e-4,Major
cltc,Gland,0.0010781776748464368,Major
cmpk_2;cmpk,Dope,4.036774042131149e-4,Major
cmpk_2;cmpk,Gland,2.0300237706024932e-4,Major
cnbp_2;cnbp,Dope,2.5213872086587584e-4,Major
cnbp_2;cnbp,Gland,1.4104636837157782e-4,Major
cndp2,Dope,0.0019274650596940775,Major
cndp2,Gland,6.19011747152951e-4,Major
cnn3,Dope,3.2267350588126547e-4,Major
cnn3,Gland,3.657115973768921e-4,Major
cnp,Dope,1.1662569552995809e-4,Major
cnp_2,Dope,3.6334742156372813e-4,Major
comt;fignl1,Gland,2.119236243759284e-4,Major
cont,Gland,2.2736270393550605e-4,Major
copa,Dope,4.4403052676414136e-4,Major
copa,Gland,2.8659542882405824e-4,Major
copb1,Dope,2.8401121960022334e-4,Major
copb1,Gland,7.325616589025281e-4,Major
copb2,Dope,1.7932828784857145e-4,Major
copb2,Gland,3.1894232976851096e-4,Major
cope,Dope,1.3563267408419423e-4,Major
cope,Gland,5.713758970857435e-4,Major
copg2,Dope,5.399998297822828e-4,Major
copg2,Gland,0.0010485337984191127,Major
cops3,Gland,1.0530201306327639e-4,Major
cops4,Gland,1.572098882022219e-4,Major
copz1,Dope,1.2162953125137969e-4,Major
copz1,Gland,3.8485493986564203e-4,Major
cotl1,Dope,8.107543555752041e-4,Major
cotl1,Gland,7.11390961908007e-4,Major
cox5a,Dope,3.6206700353364266e-4,Major
cox5a,Gland,4.849188916943706e-4,Major
cox5b,Dope,1.495300047204432e-4,Major
cox5b,Gland,3.849200638926941e-4,Major
cox6a1,Gland,3.82645292507267e-4,Major
cox6b1,Dope,1.2463663568673377e-4,Major
cox6b1,Gland,3.02356459317199e-4,Major
cox7a1,Gland,4.030692028050219e-4,Major
cp1,Dope,0.001032454702018158,Major
cp1,Gland,2.1755944258852178e-4,Major
cpa_3,Dope,2.4331056572863142e-4,Major
cpa_3,Gland,1.0083176697729556e-4,Major
cpb1_cpa1,Dope,3.3470697741147407e-4,Major
cpb_capzb,Dope,1.6828849743046205e-4,Major
cpib,Dope,0.005172946941904854,Major
cpib,Gland,0.0016944326429078561,Major
cpij005690,Dope,1.1072892179110082e-4,Major
cpij005690,Gland,2.35941717539571e-4,Major
cpr,Gland,1.7275337461065046e-4,Major
cpt2,Gland,1.3523633214646255e-4,Major
crat,Gland,1.9282783070354297e-4,Major
crk,Dope,1.1047304395243561e-4,Major
cryl1,Dope,1.2562322095223364e-4,Major
cryl1,Gland,2.610707744223576e-4,Major
cs,Dope,2.2224519595858593e-4,Major
cs,Gland,4.2570304628310174e-4,Major
cse1l,Dope,1.499598044773273e-4,Major
csga,Dope,2.1753204990700067e-4,Major
csga,Gland,1.789886387137045e-4,Major
csga_5,Gland,1.2826413860629067e-4,Major
cth,Dope,6.378069489898036e-4,Major
cth,Gland,1.8306654751252068e-4,Major
ctsa;ctsa_2,Dope,2.0095660875236174e-4,Major
ctsa;ctsa_2,Gland,2.482159232600026e-4,Major
ctsb,Dope,0.0023777079073522556,Major
ctsb,Gland,0.00110470464535256,Major
ctsb_2,Dope,0.0021259160006703677,Major
ctsb_2,Gland,7.10437657872441e-4,Major
cubn_3,Dope,3.5582779426835494e-4,Major
cubn_3,Gland,0.0025331203476939516,Major
cyb5r1_cyb5r2,Gland,4.7123581642047064e-4,Major
cyc1,Gland,2.2554473451944507e-4,Major
cyp1,Dope,0.0028117632548370383,Major
cyp1,Gland,0.00208699416135064,Major
cyp4v2_22,Gland,1.0642529519716035e-4,Major
cyt-b5,Dope,2.4676546030992714e-4,Major
cyt-b5,Gland,3.076536769030118e-4,Major
dap,Dope,0.0016419780360582325,Major
dap,Gland,0.0025613779630797966,Major
dars,Dope,1.756666927004954e-4,Major
dars,Gland,1.2707026042903623e-4,Major
dcd2b,Gland,2.4072382804380432e-4,Major
dctn1,Gland,3.8745283306882637e-4,Major
dctn2,Gland,1.4858171442421855e-4,Major
dcxr_2,Dope,1.371995439014432e-4,Major
ddb_g0268948_3,Dope,1.483652833292706e-4,Major
ddost,Dope,1.2573413726387836e-4,Major
ddost,Gland,1.3662825353039746e-4,Major
ddx1,Dope,3.592573970657334e-4,Major
ddx1,Gland,9.203704790044562e-4,Major
ddx39b,Gland,1.1920772039528437e-4,Major
ddx4_vasa,Dope,2.2991116928210145e-4,Major
ddx4_vasa,Gland,1.0799812029037573e-4,Major
dhc64c,Gland,3.107218795750452e-4,Major
dhrs11_8,Dope,5.936252078629885e-4,Major
dhrs11_8,Gland,0.00205747413064636,Major
dhtkd1,Gland,1.3202483175118402e-4,Major
dicer1,Dope,2.2711252846991897e-4,Major
dicer1,Gland,1.1568105948162681e-4,Major
dld,Gland,2.797974830461889e-4,Major
dlst,Gland,3.328307924197052e-4,Major
dnaja2,Dope,1.2953893404468535e-4,Major
dnajc22,Gland,4.50092040246215e-4,Major
dpp3,Gland,1.4403417246984824e-4,Major
dpp3_2,Dope,1.0953059746744858e-4,Major
dpp3_2,Gland,1.8049976315989328e-4,Major
dpp3_3,Dope,1.5582039270876176e-4,Major
dpp3_3,Gland,2.1740190961384078e-4,Major
dpp3_4,Dope,3.611739457930036e-4,Major
dpp7;dpp7_2,Dope,1.4730451371657716e-4,Major
dpys,Dope,1.0270039223458904e-4,Major
dpys,Gland,2.5505764649303906e-4,Major
drg2,Gland,1.3483249102909983e-4,Major
dsp1,Dope,4.8119151778457765e-4,Major
dsp1,Gland,6.217598948370103e-4,Major
dst_2,Dope,1.7465026054728358e-4,Major
ebh_epi-1,Dope,0.003049300447291772,Major
eca,Dope,5.124171482332972e-4,Major
eca,Gland,0.003589315028283995,Major
ece2_2,Gland,1.3530992446407817e-4,Major
ech1_2,Dope,5.38455769675591e-4,Major
ech1_2,Gland,9.542265370476498e-4,Major
echs1,Dope,2.9292231215076003e-4,Major
echs1,Gland,3.202828018119463e-4,Major
eci1,Gland,2.1416992501926117e-4,Major
edf1,Gland,1.8488920630829698e-4,Major
eef1alpha1,Dope,4.5089199708918474e-4,Major
eef1alpha1,Gland,0.0014582058378081037,Major
eef1alpha1_2,Dope,0.008528792151530285,Major
eef1alpha1_2,Gland,0.017058483534659233,Major
eef1b_2;eef1b,Dope,0.002209004369379245,Major
eef1b_2;eef1b,Gland,0.002947738389907902,Major
eef1d,Dope,5.340314410273501e-4,Major
eef1d,Gland,6.75487221571828e-4,Major
eef1g,Dope,0.0010651783847893264,Major
eef1g,Gland,0.0013297642682504834,Major
eef5_tif51a_eif5a1,Dope,0.0013675262805393907,Major
eef5_tif51a_eif5a1,Gland,0.0018656522016422636,Major
ef2,Dope,0.004854403846784169,Major
ef2,Gland,0.00971619651345338,Major
ehd1,Gland,2.510612058140657e-4,Major
ehd1_2,Dope,4.3067983332612637e-4,Major
ehd1_2,Gland,7.678232799339616e-4,Major
eif1ax,Dope,1.0007935418062342e-4,Major
eif2a,Gland,1.5306113827849398e-4,Major
eif2s1,Dope,3.393394394100953e-4,Major
eif2s1,Gland,2.418748068661467e-4,Major
eif2s2_2;eif2s2,Gland,2.2335530442862546e-4,Major
eif2s3y_sgce,Gland,2.1588194518337193e-4,Major
eif3-s7,Dope,2.0674942758201683e-4,Major
eif3-s7,Gland,1.7632201992862315e-4,Major
eif3-s8,Dope,1.1440480332020273e-4,Major
eif3-s8,Gland,1.6050504659096676e-4,Major
eif3a_2,Dope,1.5533491905135298e-4,Major
eif3a_2,Gland,1.9763315954566507e-4,Major
eif3b,Dope,1.0765189457560996e-4,Major
eif3b,Gland,3.3817542190806477e-4,Major
eif3eb,Dope,1.634115277186173e-4,Major
eif3eb,Gland,4.344564447721177e-4,Major
eif3g-b,Dope,1.3334150641883735e-4,Major
eif3g-b,Gland,1.1220822863491525e-4,Major
eif3j,Dope,1.3907083354583217e-4,Major
eif3k,Dope,1.3673290712426576e-4,Major
eif3k,Gland,4.3702809805467284e-4,Major
eif3m,Gland,2.101210576974016e-4,Major
eif4a1,Dope,5.393356222897489e-4,Major
eif4a1,Gland,4.7477158107637015e-4,Major
eif4a2,Gland,1.1758169233889514e-4,Major
eif4b,Dope,1.09746791735658e-4,Major
eif4b,Gland,1.897565847893268e-4,Major
eif4e1a_eif4e,Dope,2.0572835855355148e-4,Major
eif4e1a_eif4e,Gland,1.431849777432656e-4,Major
eif4ebp2_eif4ebp1,Dope,1.216621769675535e-4,Major
eif4ebp2_eif4ebp1,Gland,5.201969309358577e-4,Major
eif4h,Dope,2.2324948276922788e-4,Major
eif5,Dope,1.1632280474550954e-4,Major
eif6,Dope,1.5019319582330377e-4,Major
eip71cd,Dope,1.3786649073077966e-4,Major
eip71cd,Gland,1.0512605763237908e-4,Major
elavl2,Gland,1.014741090523065e-4,Major
elob_3,Dope,3.386970882196629e-4,Major
elob_3,Gland,1.2024588207107028e-4,Major
eno1,Dope,0.0054449507904015156,Major
eno1,Gland,0.003958026872026802,Major
enpep_2,Dope,1.1431617197194372e-4,Major
enpp6_3,Gland,1.1738397469789886e-4,Major
epb41l3_2;epb41l3,Gland,2.6699274232477817e-4,Major
ephx1_4,Gland,1.3219285818862164e-4,Major
eprs,Dope,2.951216681834622e-4,Major
eprs,Gland,5.745267479852037e-4,Major
erf1,Dope,1.6150174734620774e-4,Major
erf1,Gland,1.3970447847358575e-4,Major
ergic1,Gland,1.2827870026996938e-4,Major
erlin2-b,Gland,4.6317234812569334e-4,Major
erp44,Dope,1.1652951122080333e-4,Major
erp44_3;erp44_2,Dope,0.00014554700379025286,Major
erp44_3;erp44_2,Gland,0.001106989508938333,Major
esd_2;esd,Dope,3.136040697865618e-4,Major
esd_2;esd,Gland,2.2117631189139518e-4,Major
esr16,Gland,1.6054526071882937e-4,Major
etfa,Dope,2.4001139080403333e-4,Major
etfa,Gland,0.0010007765524727543,Major
etfb,Dope,2.636719879865176e-4,Major
etfb,Gland,3.066807716940124e-4,Major
exc-4,Dope,5.318026326681315e-4,Major
exc-4,Gland,2.4181536542806564e-4,Major
f42h10.3_lasp1,Dope,1.0819100504242327e-4,Major
f42h10.3_lasp1,Gland,1.3720534648690598e-4,Major
faah2,Gland,1.0879846121349033e-4,Major
farsb,Dope,1.1742192697277988e-4,Major
farsb,Gland,1.87719865826942e-4,Major
fas2_3,Gland,2.825127259376351e-4,Major
fasn_8,Dope,2.5509281699417696e-4,Major
fasn_8,Gland,1.573885528726403e-4,Major
fasn_9,Dope,2.245215793265418e-4,Major
fbp1,Dope,1.1436169509606359e-4,Major
fh,Dope,1.5732337869353702e-4,Major
fh,Gland,4.8196371165285017e-4,Major
fib;fib_2,Gland,3.054647946801188e-4,Major
fkbp12,Dope,0.0020725772163955178,Major
fkbp12,Gland,7.448182161774916e-4,Major
fkbp7_fkbp3_fpr2,Dope,4.309174523880812e-4,Major
fkbp7_fkbp3_fpr2,Gland,8.222870613679695e-4,Major
flo2_2;flo2,Gland,1.9357815125463563e-4,Major
flr,Dope,1.4293002207337542e-4,Major
folr3,Dope,1.3396983817340907e-4,Major
folr3,Gland,2.539299239716489e-4,Major
for_2;for;pkg21d,Dope,1.172083216069792e-4,Major
ftcd,Dope,1.8153322806431366e-4,Major
ftcd,Gland,3.2184966965379707e-4,Major
fubp3_fubp1,Gland,1.4443432359026513e-4,Major
g3bp2,Gland,1.4556115105072168e-4,Major
g6pd,Dope,1.3239612327233346e-4,Major
g6pd,Gland,1.4863098703370883e-4,Major
gale,Dope,1.895778125857069e-4,Major
gapdh1,Dope,0.01084215291741296,Major
gapdh1,Gland,0.0030692573339105027,Major
gar1,Gland,1.9517526025883622e-4,Major
gbe1,Dope,3.59410958304843e-4,Major
gbe1,Gland,1.2869659994884175e-4,Major
gbeta1,Gland,3.7706961031791004e-4,Major
gcat,Dope,1.639847784821098e-4,Major
gcat,Gland,9.302651383465865e-4,Major
gcdh,Gland,1.5189342653262766e-4,Major
gcn1,Gland,4.6517217775227636e-4,Major
gdh,Gland,2.3075616656610912e-4,Major
gdi2_gdi1,Dope,0.0015565272440741158,Major
gdi2_gdi1,Gland,9.997302347077692e-4,Major
gg11866,Gland,1.5293690279551155e-4,Major
ghra_2,Dope,4.225768908322631e-4,Major
ghra_2,Gland,4.5179907976875287e-4,Major
glb1_2;glb1,Dope,1.0152361361219802e-4,Major
glb1_4;glb1_5;glb1_3,Dope,2.166946318314967e-4,Major
glrx3,Dope,3.3085519792679183e-4,Major
glrx3,Gland,3.1510445793651946e-4,Major
glt1,Dope,4.098159731970926e-4,Major
glt1,Gland,2.592452444744359e-4,Major
glyp,Dope,4.6513926549889966e-4,Major
glyp,Gland,6.884701733099637e-4,Major
glyp_2;glyp_3,Dope,5.520172028494496e-4,Major
glyp_2;glyp_3,Gland,7.753958758659808e-4,Major
gmpr_gmpr2,Dope,2.542732629956244e-4,Major
gmpr_gmpr2,Gland,1.92115391427226e-4,Major
gorasp2,Gland,2.3351136664887182e-4,Major
gosr2,Gland,2.0566984930661366e-4,Major
got1_3;REV__psma6;got1,Dope,0.0010111142567341277,Major
got1_3;REV__psma6;got1,Gland,5.511910721046267e-4,Major
got2,Dope,1.301344200309086e-4,Major
got2,Gland,3.92478554549661e-4,Major
gpd1,Dope,2.703710741558433e-4,Major
gpd1,Gland,2.977177677552945e-4,Major
gpi;CON__Q3ZBD7,Dope,4.5098636159343847e-4,Major
gpi;CON__Q3ZBD7,Gland,2.5517827304742576e-4,Major
gpr158,Gland,2.1032113617743374e-4,Major
gpt2;gpt2_3;gpt2_4;gpt2_5,Dope,1.473499085128986e-4,Major
gpt2;gpt2_3;gpt2_4;gpt2_5,Gland,1.9682601812923158e-4,Major
gpx4,Gland,1.019512397010554e-4,Major
grhpr_7,Dope,2.683629004153745e-4,Major
grhpr_7,Gland,7.942676590345045e-4,Major
grn_6,Dope,3.5639241826216554e-4,Major
grn_7,Dope,0.001232004443886882,Major
grn_7,Gland,1.9618445294562514e-4,Major
grxc6,Dope,1.259672389312973e-4,Major
grxc6_txnrd3,Dope,1.8618358185891687e-4,Major
gs2_2,Dope,3.993665661083041e-4,Major
gs2_2,Gland,0.0011795852778047368,Major
gspt1,Dope,2.2083815351042085e-4,Major
gspt1,Gland,4.3706541508609873e-4,Major
gss,Dope,2.524903861217783e-4,Major
gstd1_2;gstd1_gst1,Dope,0.0011302591960878775,Major
gstd1_2;gstd1_gst1,Gland,3.452841745049813e-4,Major
gstm1_3;gstm1_5;gstm1_10,Dope,0.0010560662362852733,Major
gstm1_3;gstm1_5;gstm1_10,Gland,0.0032154290003165997,Major
gstm1_6,Dope,1.5096491986144698e-4,Major
gstm2;LASC007860,Dope,4.1873465026678446e-4,Major
gstm3,Dope,0.002652768363983817,Major
gstm3,Gland,0.0037853323675065393,Major
h2,Dope,2.6222239721964964e-4,Major
h2afy,Gland,2.7482600632405466e-4,Major
haao,Dope,1.3526503102701773e-4,Major
hadha,Dope,1.9835220505177133e-4,Major
hadha,Gland,3.2309839346447716e-4,Major
hadhb,Gland,3.827721157364201e-4,Major
hars;hars_2,Gland,1.4451165805156625e-4,Major
hbs1l,Gland,5.915476745081134e-4,Major
hca,Dope,0.003805415474488787,Major
hca,Gland,5.017530268524261e-4,Major
hcb,Dope,0.0015200111243005951,Major
hcb,Gland,1.2034899563265224e-4,Major
hcc,Dope,0.0012818220098780037,Major
hcc,Gland,1.3793119421593773e-4,Major
hcd,Dope,0.0037911515551779453,Major
hcd,Gland,3.59877928681612e-4,Major
hce_hcf;hcf,Dope,0.0045766888271481015,Major
hce_hcf;hcf,Gland,4.573602248234529e-4,Major
hcg,Dope,0.007602493535426339,Major
hcg,Gland,4.1373313136146354e-4,Major
hdlbp_2;hdlbp_3,Dope,0.0010834144192343215,Major
hdlbp_2;hdlbp_3,Gland,0.002040931855345367,Major
hex-t2,Dope,2.5531125152071494e-4,Major
hex-t2,Gland,2.3291460340958478e-4,Major
hexa,Dope,1.2761366892135038e-4,Major
hexa,Gland,5.673339465379971e-4,Major
hibadh,Gland,1.3066726430846552e-4,Major
hibch,Dope,2.1894258755217512e-4,Major
hibch,Gland,5.063023146673252e-4,Major
hint1,Dope,0.0011620211916698612,Major
hint1,Gland,4.866880909368989e-4,Major
his1.3,Dope,6.002932180478231e-4,Major
his1.3,Gland,0.001350137777545317,Major
his1.3_2;his1,Dope,1.5216634734052827e-4,Major
hm13,Gland,2.8720017754005263e-4,Major
hn;tph1,Dope,2.353515278595902e-4,Major
hn;tph1,Gland,2.1458708582344367e-4,Major
hnrnp,Dope,3.485128571408749e-4,Major
hnrnp,Gland,4.0972931710648046e-4,Major
hnrnp_3,Dope,9.336638022285203e-4,Major
hnrnp_3,Gland,6.28020229872262e-4,Major
hnrnpdl,Dope,6.970595651992117e-4,Major
hnrnpdl,Gland,0.0030526449074681117,Major
hnrnpf_hnrnph2;hnrnph1_hnrnpf,Gland,1.3600177768764493e-4,Major
hnrnpl,Gland,1.9165773525077674e-4,Major
hpgd_14;hpgd_12,Dope,1.0375235667842832e-4,Major
hpgd_14;hpgd_12,Gland,2.770257537637044e-4,Major
hpgd_6,Dope,1.0768110296748e-4,Major
hrb27c_2;hrb27c_4,Gland,1.8188824162419944e-4,Major
hsd17b4,Gland,1.7255499488295545e-4,Major
hsd17b6_hsd17b2,Gland,1.6239049815005378e-4,Major
hsdl2,Dope,1.031587189246426e-4,Major
hsdl2,Gland,1.432100379591961e-4,Major
hsp60a,Dope,4.0399058166061265e-4,Major
hsp60a,Gland,7.530104466170218e-4,Major
hsp70b2_hsp70a2;hsp70b2_4;hsp70b2_3;hsp70b2_7;hsp70b2_5,Dope,0.0017472877730420014,Major
hsp70b2_hsp70a2;hsp70b2_4;hsp70b2_3;hsp70b2_7;hsp70b2_5,Gland,0.0015499752338628207,Major
hsp83_hsp90aa1;hsp90ab1,Dope,0.0024868938504140833,Major
hsp83_hsp90aa1;hsp90ab1,Gland,9.617898141128556e-4,Major
hsp90b1,Dope,3.618749698685197e-4,Major
hsp90b1,Gland,4.0455940296040373e-4,Major
hspa4l_2,Dope,2.506532135021123e-4,Major
hspa4l_2,Gland,2.8132352484418297e-4,Major
hspa5,Gland,2.210973972287036e-4,Major
hspa5_2,Dope,6.045528018659978e-4,Major
hspa5_2,Gland,0.0011001987207608754,Major
hspa9,Gland,2.2727697467496386e-4,Major
hspg2,Gland,3.266947983885676e-4,Major
hts,Gland,1.774470633359446e-4,Major
hts_2,Gland,4.5005016332252485e-4,Major
hyou1,Gland,2.8129410101497895e-4,Major
iars,Gland,1.1348838074036813e-4,Major
idh1,Dope,7.910202168403058e-4,Major
idh1,Gland,3.8039549130031337e-4,Major
idh2,Dope,4.693649063954399e-4,Major
idh2,Gland,0.001710546621461435,Major
idh3a,Gland,2.1816247290544813e-4,Major
idh3g,Gland,3.0757034531396575e-4,Major
igf2bp1,Dope,1.7691139303618845e-4,Major
igf2bp1,Gland,3.275764716887807e-4,Major
il16,Gland,1.5578293265809825e-4,Major
ilvbl,Gland,1.6067990226854275e-4,Major
immt,Dope,1.0864447844945204e-4,Major
immt,Gland,2.580105626154391e-4,Major
impa1,Dope,2.6069589790869116e-4,Major
impa1,Gland,1.2938358747205416e-4,Major
impdh2_impdh1_impdh1a,Dope,1.1730510009486282e-4,Major
inx2_18,Dope,2.995792073036504e-4,Major
inx2_18,Gland,0.003991768971429183,Major
inx2_2;inx2_15,Gland,3.8765730465929456e-4,Major
ipgm-1,Dope,6.891586749955383e-4,Major
ipgm-1,Gland,4.521131546567122e-4,Major
ipo4,Dope,4.173450014746919e-4,Major
ipo4,Gland,4.178315937217639e-4,Major
ipo7,Dope,1.5144588790996807e-4,Major
ipo7,Gland,3.249491095246558e-4,Major
isoc2,Gland,6.217958175820029e-4,Major
ivd,Dope,1.3341442411424564e-4,Major
ivd,Gland,1.7519626972462132e-4,Major
jafrac1_2,Dope,0.003002818365115997,Major
jafrac1_2,Gland,9.688741150563293e-4,Major
jagn,Gland,0.001337463872208125,Major
jhamt_7,Dope,0.0011115807083185332,Major
jhamt_7,Gland,0.0010308106830499819,Major
kars1_2,Dope,2.435791515113844e-4,Major
kars1_2,Gland,1.6376045054274357e-4,Major
khdrbs3,Dope,2.0915065317827396e-4,Major
khdrbs3,Gland,7.35075727741177e-4,Major
kpnb1,Dope,1.5296891185664506e-4,Major
kpnb1,Gland,4.001715326318081e-4,Major
ktn1,Dope,8.360402278691074e-4,Major
ktn1,Gland,0.001762247144905241,Major
kyat3,Dope,5.153900550378303e-4,Major
kyat3,Gland,4.5806996333371463e-4,Major
l(2)efl_4;l(2)efl_8,Dope,3.8781665964538663e-4,Major
l(2)efl_6,Dope,7.765722790604721e-4,Major
lam,Dope,1.7991629025512618e-4,Major
lam,Gland,1.0024417255398031e-4,Major
lam_2,Gland,1.9766825943852534e-4,Major
lama2,Dope,9.853814388135701e-4,Major
lama2_2,Dope,5.581876345089274e-4,Major
lama2_2,Gland,0.001105485962048515,Major
lamp1_2,Dope,1.9042182187049326e-4,Major
lamp1_2,Gland,2.0411151336425173e-4,Major
lana,Gland,1.0369017911914103e-4,Major
lanb1,Gland,1.0901270975032734e-4,Major
lap-2,Dope,0.0011228860686282492,Major
lap-2,Gland,0.0011965459760193756,Major
lap3,Dope,1.4964970065511852e-4,Major
lap3,Gland,1.383898640858495e-4,Major
lark,Gland,3.269853783102514e-4,Major
larp1,Gland,1.5763335286950433e-4,Major
lars,Gland,1.635062177515857e-4,Major
lcp1,Dope,5.576585187873792e-4,Major
lcp1,Gland,5.981783467343356e-4,Major
ldlr,Dope,1.4128787941057196e-4,Major
ldlr,Gland,2.661370039072603e-4,Major
lec-1,Dope,0.001928268744862233,Major
lec-1,Gland,0.0011422178656347224,Major
lgmn_2,Dope,1.8610390366357208e-4,Major
llgl1,Gland,5.032628649522711e-4,Major
lman1,Dope,1.2625082494994034e-4,Major
lman1,Gland,2.443572822739664e-4,Major
lman2l,Dope,0.0012123995705595383,Major
lman2l,Gland,0.009510537735634796,Major
lmf2,Dope,1.1332188117585033e-4,Major
lmf2,Gland,1.289069589128953e-4,Major
lrmda_vnn1;vnn2,Gland,2.2923378833234425e-4,Major
lrmda_vnn1;vnn2,Silk,2.084056377461641e-4,Major
lrp2_6,Gland,4.4647782117865115e-4,Major
lrpap1,Dope,1.2108925880757423e-4,Major
lrpap1,Gland,1.498673044802596e-4,Major
lrrc47,Dope,1.0588755932564312e-4,Major
lrrc47,Gland,1.489937944976747e-4,Major
lypla2,Gland,1.1394462981941535e-4,Major
lzic,Dope,1.53191929902087e-4,Major
man2b1_2,Gland,1.2242338466992355e-4,Major
maob_3,Dope,1.2778024976682658e-4,Major
maob_3,Gland,2.3016104293837792e-4,Major
map1lc3a,Dope,1.1752899139625534e-4,Major
map2k1,Gland,1.1260843857706954e-4,Major
mapk1;nlk_2;nlk,Dope,1.5974720098474037e-4,Major
mapre3,Dope,6.253836533831063e-4,Major
mapre3,Gland,2.384709575676214e-4,Major
mars,Dope,1.1181277954908679e-4,Major
mars,Gland,1.3863781941047642e-4,Major
marveld1_2,Gland,1.2146184387146592e-4,Major
mat2b,Dope,1.0114864691500323e-4,Major
mat2b,Gland,1.6162375020334008e-4,Major
mdh1,Dope,0.003656979635565877,Major
mdh1,Gland,6.343615754015369e-4,Major
mdh2,Dope,3.661538054458209e-4,Major
mdh2,Gland,0.0011963200128025087,Major
me1,Dope,3.4615416261948975e-4,Major
me1,Gland,0.001241781003264832,Major
me31b,Gland,1.74999424239464e-4,Major
mecr,Dope,1.4587060219396614e-4,Major
mecr,Gland,3.21054164969491e-4,Major
meltf,Gland,2.2948299105367604e-4,Major
metap2,Dope,1.2245089709272464e-4,Major
metap2,Gland,1.812523199362655e-4,Major
mien1,Dope,2.5619310126772114e-4,Major
mif,Dope,6.996809560358267e-4,Major
mif,Gland,3.716059433991783e-4,Major
mlc-c,Dope,0.0012221650183227733,Major
mlc-c,Gland,0.0024480601771724887,Major
mlec,Gland,1.3048069050533033e-4,Major
moe,Dope,0.0010433661221801516,Major
moe,Gland,5.704979821825487e-4,Major
mpp6,Gland,1.869535592143869e-4,Major
mt:nd1;nd1,Gland,3.505572991051802e-4,Major
mtap,Dope,4.981794507043081e-4,Major
mthfd1,Gland,1.0057933157657097e-4,Major
mthfs_2,Dope,1.4827757852076785e-4,Major
mthfs_2,Gland,5.498886920294119e-4,Major
mtpn,Dope,4.975479426620844e-4,Major
mtpn,Gland,1.4291720812219764e-4,Major
mttp_2,Gland,2.1062824653879305e-4,Major
mtx2,Gland,1.0913919104041175e-4,Major
muc19,Silk,1.6682486598039095e-4,Major
mvp,Dope,1.2737689106885288e-4,Major
mvp,Gland,3.556558138820493e-4,Major
myg1,Dope,3.8154959379710894e-4,Major
myg1,Gland,1.2825070151928347e-4,Major
myo6_jar,Dope,4.5317016003907046e-4,Major
myo6_jar,Gland,2.2655719137937126e-4,Major
naca,Dope,1.859098641348695e-4,Major
naca,Gland,2.1811232320489534e-4,Major
naga_3,Dope,1.7490619773578273e-4,Major
naga_3,Gland,4.1468358773582735e-4,Major
nap1l1-b,Dope,2.72983566635119e-4,Major
nap1l1-b,Gland,7.112338749579062e-4,Major
nars,Dope,1.4926457117233637e-4,Major
ncl,Dope,5.939192891857611e-4,Major
ncl,Gland,8.659476629461041e-4,Major
nd-42,Gland,1.5551222498168398e-4,Major
ndg_2;ndg,Dope,0.0015548504060405826,Major
ndg_2;ndg,Gland,3.7665760113083263e-4,Major
ndrg3_ndrg4-a,Dope,1.4351614228099655e-4,Major
ndrg3_ndrg4-a,Gland,2.3923073893050172e-4,Major
ndufa13,Gland,2.7982827445370193e-4,Major
ndufa4,Gland,2.3486179818484266e-4,Major
ndufa5,Gland,1.70607447130236e-4,Major
ndufa7,Gland,1.5629339465439573e-4,Major
ndufa8,Gland,1.4424565382879453e-4,Major
ndufa9,Gland,1.4090737516411742e-4,Major
ndufaf7,Gland,3.795743362915715e-4,Major
ndufb4,Gland,1.0532211839230631e-4,Major
ndufb7,Gland,1.503533656135479e-4,Major
ndufb9,Gland,2.8145100149419474e-4,Major
ndufs1,Gland,2.2291836409503237e-4,Major
ndufs2,Gland,1.490382680373034e-4,Major
ndufs3,Gland,3.4985885782529114e-4,Major
ndufv1,Gland,1.1533192705261951e-4,Major
ndufv2,Gland,2.2780078082242138e-4,Major
nif3l1,Gland,2.2411387555582016e-4,Major
nnmt_v1g200856,Dope,4.34235469216452e-4,Major
nnmt_v1g200856,Gland,2.472115253483154e-4,Major
nnt,Gland,5.447790329725685e-4,Major
nolc1,Gland,1.303920691723296e-4,Major
nop10,Gland,1.2704273271353991e-4,Major
nop56,Gland,4.042498025670733e-4,Major
nop58_2;nop58;nop58_3,Gland,2.772747250076269e-4,Major
nop60b,Gland,2.8424273389809587e-4,Major
npc2a_2,Dope,6.244748248790091e-4,Major
nploc4,Gland,1.2056717463474792e-4,Major
nrg,Gland,2.3501548969141072e-4,Major
nrx-iv,Gland,1.6014111208717183e-4,Major
nrx-iv_2,Dope,4.954722661342824e-4,Major
nrx-iv_2,Gland,2.363735555365356e-4,Major
nsfl1c,Dope,1.8016349891550407e-4,Major
nt5c2,Dope,1.4914354339681004e-4,Major
nucb2,Gland,1.7628751204215324e-4,Major
nudc,Dope,1.347627386549557e-4,Major
nudt16,Dope,3.143228041503783e-4,Major
nupr1,Dope,0.0010357052079964266,Major
nupr1,Gland,5.418646299554827e-4,Major
nurf-38_ipp1,Gland,3.273942073546971e-4,Major
nxnl2,Dope,3.735101764602459e-4,Major
nxnl2,Gland,8.899691364917617e-4,Major
oat,Gland,5.383237269680183e-4,Major
ogdh,Gland,1.612015334307597e-4,Major
oplah,Dope,3.561584807519767e-4,Major
oplah,Gland,5.029904904925341e-4,Major
otub1,Dope,1.392394484432008e-4,Major
oxct1,Gland,1.884912540231192e-4,Major
pa2g4,Dope,2.8987014609580235e-4,Major
pa2g4,Gland,7.35170875948501e-4,Major
pabpc1,Dope,2.2313418849936666e-4,Major
pabpc1,Gland,5.911967035723046e-4,Major
paip1,Dope,1.5408146917702268e-4,Major
park7,Dope,8.58818309763578e-4,Major
park7,Gland,3.7330498734959816e-4,Major
patj_2,Gland,1.3111288102564343e-4,Major
pc;osr2,Gland,3.6903056851417184e-4,Major
pcca,Gland,3.530290635483852e-4,Major
pccb,Dope,1.0208904073432315e-4,Major
pccb,Gland,6.395868919676102e-4,Major
pcd_pcbd2,Dope,9.060266064409695e-4,Major
pcd_pcbd2,Gland,5.663790459474616e-4,Major
pcyox1,Gland,1.680971706253714e-4,Major
pdap1,Gland,1.8169621982851847e-4,Major
pdcd4,Gland,1.0980230070745886e-4,Major
pdcd5,Gland,1.3257469879070718e-4,Major
pdcd6;pdcd6_bche,Dope,2.784469673715032e-4,Major
pdcd6_2,Dope,1.7657647977515278e-4,Major
pdcd6ip,Dope,1.2694868422737457e-4,Major
pdcd6ip,Gland,2.4349052661524383e-4,Major
pdhb-1_pdhb,Gland,0.00013275656918408633,Major
pdi,Dope,0.001750937217952743,Major
pdi,Gland,0.0012227647225210526,Major
pdia3,Dope,9.105485495551652e-4,Major
pdia3,Gland,0.0014112266649083404,Major
pdia4,Gland,1.4297145218091688e-4,Major
pdia5,Gland,1.1425063564403133e-4,Major
pdia6,Dope,1.3142222221294508e-4,Major
pdia6,Gland,3.714090843088309e-4,Major
pdxdc1,Gland,1.6021928926864343e-4,Major
pebp1,Dope,4.8610576426430724e-4,Major
pebp1,Gland,8.514621910471789e-4,Major
pebp1_2,Dope,1.9029888786694984e-4,Major
pebp1_2,Gland,1.3024556277083134e-4,Major
pepd,Dope,3.37500579247313e-4,Major
pfdn5_2,Gland,1.018384947509012e-4,Major
pfdn6,Dope,1.4464327455415983e-4,Major
pgd,Dope,1.9999849244340328e-4,Major
pgd,Gland,4.3375014921003045e-4,Major
pgk,Dope,0.0013496779204931926,Major
pgk,Gland,6.283440188795096e-4,Major
pgls,Dope,1.4425003006647945e-4,Major
pgm1_2,Dope,2.145510742918112e-4,Major
pgm1_2,Gland,2.8840339255592945e-4,Major
pgm2,Dope,2.4263967432656361e-4,Major
pgm2,Gland,1.269749080378141e-4,Major
phb,Dope,1.7457035305001276e-4,Major
phb,Gland,5.110503163638498e-4,Major
phb2,Gland,2.261935934983206e-4,Major
phgdh,Dope,0.0013879149088373397,Major
phgdh,Gland,0.005144598937399909,Major
phm,Gland,1.2978334979697387e-4,Major
pi4k2b,Gland,1.306161193253301e-4,Major
picalm;lap,Gland,1.1144639355644918e-4,Major
pitpna;pitpna_2,Dope,1.6417686181860604e-4,Major
pka-c1;pka-c1_2,Gland,1.716856630088732e-4,Major
pka-r2_2,Gland,2.3573572697614494e-4,Major
pkm,Dope,5.222763135107959e-4,Major
pkm,Gland,0.001333633929717046,Major
pkm_3,Dope,0.0010926838890189955,Major
pkm_3,Gland,3.8734631834575856e-4,Major
plekhf2,Dope,2.94325114823434e-4,Major
plin2,Dope,4.2062457910459276e-4,Major
plin2,Gland,1.0551920902250883e-4,Major
pm20d2_4,Dope,2.1651515814209075e-4,Major
pm20d2_5;pm20d2_6;pm20d2_2;pm20d2_8;pm20d2_3,Dope,7.338999891744438e-4,Major
pm20d2_5;pm20d2_6;pm20d2_2;pm20d2_8;pm20d2_3,Gland,3.7952534854015753e-4,Major
pnliprp1,Dope,2.3800126003345405e-4,Major
pnliprp1,Gland,4.549335446244288e-4,Major
ppib_cyn-5,Dope,6.441997961225066e-4,Major
ppib_cyn-5,Gland,4.711584676829401e-4,Major
ppib_cypb,Dope,4.8168918829841775e-4,Major
ppif,Dope,7.53636748354321e-4,Major
ppif,Gland,3.337019241597591e-4,Major
ppp1cb,Dope,1.536532946781157e-4,Major
ppp1cb,Gland,5.485485481446113e-4,Major
ppp1r7,Dope,2.910623851389862e-4,Major
ppp2r1a,Dope,2.2669378870365624e-4,Major
ppp2r1a,Gland,5.870429596404634e-4,Major
ppp2r5d_ppp2r5c,Gland,2.3930231989495676e-4,Major
ppt1,Dope,1.4630602680066788e-4,Major
prdx3,Dope,1.9858580432379798e-4,Major
prdx3,Gland,9.057598718240547e-4,Major
prdx4_prdx1,Gland,7.131480768650248e-4,Major
prdx6,Dope,0.0010297268635283633,Major
prdx6,Gland,4.1661344017603373e-4,Major
prep,Dope,5.802263486989491e-4,Major
prep,Gland,1.85662663272585e-4,Major
pro5,Dope,0.0032004033165926754,Major
pro5,Gland,0.0011664686881778742,Major
prtp,Gland,4.1347101263803087e-4,Major
psap,Dope,4.3522881489365523e-4,Major
psap,Gland,2.43498649996931e-4,Major
psat1,Dope,0.00327812890815426,Major
psat1,Gland,0.0012136200684804961,Major
psma1,Dope,4.710899824937434e-4,Major
psma1,Gland,2.0049522360007538e-4,Major
psma2,Dope,4.664027862932079e-4,Major
psma2,Gland,9.338071679122813e-4,Major
psma3,Dope,6.075843899334133e-4,Major
psma3,Gland,2.954326210729097e-4,Major
psma4,Dope,6.510619679056583e-4,Major
psma4,Gland,1.9329818162854695e-4,Major
psma5,Dope,5.350263598944158e-4,Major
psma5,Gland,2.854569958581773e-4,Major
psma6,Dope,5.94401842552939e-4,Major
psma6,Gland,2.3399704891463322e-4,Major
psma8_2,Dope,6.1099481417317e-4,Major
psma8_2,Gland,2.2861332667772105e-4,Major
psmb1_2;psmb1,Dope,2.5495588145677954e-4,Major
psmb1_2;psmb1,Gland,1.7328584667297733e-4,Major
psmb2,Dope,2.305510234893268e-4,Major
psmb2,Gland,6.857539423640101e-4,Major
psmb3,Dope,2.0379213109410628e-4,Major
psmb3,Gland,1.0192619076345728e-4,Major
psmb4,Dope,1.2212785746698964e-4,Major
psmb4,Gland,1.3385108388055418e-4,Major
psmb5,Dope,1.3806587744318702e-4,Major
psmb5,Gland,1.8370271056580078e-4,Major
psmb6,Dope,2.464859867657744e-4,Major
psmb6,Gland,5.382190917828507e-4,Major
psmb7_2;psmb7,Dope,5.675890381135833e-4,Major
psmb7_2;psmb7,Gland,9.971979628528738e-4,Major
psmc2,Dope,5.228423733777642e-4,Major
psmc2,Gland,8.856956018424216e-4,Major
psmc3,Dope,1.888185284693585e-4,Major
psmc3,Gland,3.9697969784572125e-4,Major
psmc5,Dope,1.5094914277378546e-4,Major
psmc5,Gland,3.905890370573409e-4,Major
psmc6,Dope,4.3905012739745117e-4,Major
psmc6,Gland,3.00538272005852e-4,Major
psmd12,Dope,1.345319217518718e-4,Major
psmd12,Gland,1.1731202158159748e-4,Major
psmd13,Dope,1.94897684263641e-4,Major
psmd13,Gland,4.572821953354994e-4,Major
psmd1_rpn2,Dope,1.207757214689119e-4,Major
psmd1_rpn2,Gland,2.1961600855277042e-4,Major
psmd2,Dope,2.0944044293456752e-4,Major
psmd2,Gland,3.197282168667041e-4,Major
psmd4,Dope,2.6691811492944204e-4,Major
psmd4,Gland,1.262531643969147e-4,Major
psmd8,Dope,2.157733322440836e-4,Major
ptcd2,Gland,2.8506574284111613e-4,Major
pudp_2,Dope,1.101507323953331e-4,Major
pura,Gland,2.6883032724194823e-4,Major
pxd_pxt_2;pxt_4,Gland,1.1225836768121308e-4,Major
pxn,Gland,2.1830868274891698e-4,Major
qars,Dope,3.884682905798104e-4,Major
qars,Gland,5.15050185854623e-4,Major
qdpr,Dope,9.8577448212488e-4,Major
qdpr,Gland,0.00209843704046642,Major
rab14,Dope,1.3401623135673703e-4,Major
rab1a,Dope,6.042470974661144e-4,Major
rab1a,Gland,0.002995860681141646,Major
rab2a,Gland,2.256733944745651e-4,Major
rab3_2,Gland,2.0848434154298497e-4,Major
rab5b,Dope,2.5712848589901267e-4,Major
rab5b,Gland,0.0010039042005073177,Major
rab6a;rab39b,Dope,4.7997363242057215e-4,Major
rab6a;rab39b,Gland,4.0883250402502276e-4,Major
rab7_rab7a_2,Dope,2.3220895041758862e-4,Major
rab7_rab7a_2,Gland,5.358803066267005e-4,Major
rac1_2,Gland,1.145961270380246e-4,Major
rack1,Dope,5.017553860781588e-4,Major
rack1,Gland,0.00262282896507085,Major
rad23b,Dope,3.209838397739162e-4,Major
rad23b,Gland,1.743691651359332e-4,Major
rala,Gland,1.0062547924658323e-4,Major
ran,Dope,6.217223144402964e-4,Major
ran,Gland,3.151099667175818e-4,Major
ran-4;nutf2,Dope,4.458210124023042e-4,Major
ran-4;nutf2,Gland,6.533825502939551e-4,Major
ranbp1,Dope,1.3178492957641375e-4,Major
ranbp1,Gland,3.6614010608961e-4,Major
rap1b,Gland,1.252305551007555e-4,Major
rars,Dope,1.6306665342809377e-4,Major
rars,Gland,4.6642356748596896e-4,Major
rbm4,Dope,1.3475331808574957e-4,Major
rbm4_rbm14,Gland,1.947453173102493e-4,Major
reep5_4,Dope,0.0011068833561102068,Major
reep5_4,Gland,0.001168840534222572,Major
rheb,Dope,1.1301632724500147e-4,Major
rho-1_3,Dope,6.30867990105379e-4,Major
rho1_7,Dope,3.8685646248244816e-4,Major
rho1_7,Gland,3.889704505152197e-4,Major
rnf121,Gland,1.5774683937848724e-4,Major
rpia,Dope,2.2777460540245885e-4,Major
rpia,Gland,6.887494591156405e-4,Major
rpl-36.a,Gland,0.001006939012700171,Major
rpl-7,Dope,8.959011657980611e-4,Major
rpl-7,Gland,0.0026575377092334595,Major
rpl10,Dope,2.4429761441041744e-4,Major
rpl10,Gland,0.001257040245815067,Major
rpl10ab;rpl10a,Dope,0.0016105143974510694,Major
rpl10ab;rpl10a,Gland,0.003817320442142299,Major
rpl11,Dope,0.001855162943946769,Major
rpl11,Gland,0.0016165269732530368,Major
rpl12,Dope,0.0015114249017317003,Major
rpl12,Gland,0.004743936825265658,Major
rpl13,Dope,0.0017102068186335868,Major
rpl13,Gland,0.0031962062947384043,Major
rpl13a,Dope,0.001439767842247499,Major
rpl13a,Gland,0.0021721321111521025,Major
rpl14,Dope,0.0014314627471821348,Major
rpl14,Gland,0.0015113877300194007,Major
rpl15,Dope,5.406886668562946e-4,Major
rpl15,Gland,0.0011402161963772778,Major
rpl17,Dope,0.0015109176922261127,Major
rpl17,Gland,0.007149551723469185,Major
rpl18,Dope,0.0018190407938635377,Major
rpl18,Gland,0.002531309877463504,Major
rpl18a,Dope,6.98573960461175e-4,Major
rpl18a,Gland,0.001503772228802226,Major
rpl19,Dope,0.0010646207689843567,Major
rpl19,Gland,0.001549294255178992,Major
rpl21,Dope,0.0015007519325528722,Major
rpl21,Gland,0.0017329400560539701,Major
rpl22,Gland,0.0012835530108984126,Major
rpl23_rpl23-a,Dope,0.0011713152757039519,Major
rpl23_rpl23-a,Gland,0.0027346852111679375,Major
rpl23a,Dope,0.0026295253787501863,Major
rpl23a,Gland,0.0035887942291215847,Major
rpl24,Dope,9.656408288481272e-4,Major
rpl24,Gland,0.0020484789755119376,Major
rpl26,Gland,2.6821220973696834e-4,Major
rpl26_2,Dope,0.0010462004774867218,Major
rpl26_2,Gland,9.580239716322653e-4,Major
rpl27,Dope,8.99771166976992e-4,Major
rpl27,Gland,0.0016715202630732708,Major
rpl27a_2;rpl27a,Dope,0.0014483123843052454,Major
rpl27a_2;rpl27a,Gland,0.002925554953182051,Major
rpl28,Dope,6.064296900143797e-4,Major
rpl28,Gland,0.0017600862328284647,Major
rpl3,Dope,5.057715886868079e-4,Major
rpl3,Gland,0.004106914900492546,Major
rpl30,Dope,0.00043196645229385823,Major
rpl30,Gland,0.001503657713750353,Major
rpl31,Dope,9.829803033319295e-4,Major
rpl31,Gland,0.0020254142359503358,Major
rpl32,Dope,5.226652889196415e-4,Major
rpl32,Gland,0.0018198306563772635,Major
rpl34,Dope,5.697338163310841e-4,Major
rpl34,Gland,9.295173621436366e-4,Major
rpl35_2;rpl35,Dope,0.0010264219727889995,Major
rpl35_2;rpl35,Gland,0.002193657951756454,Major
rpl35a,Dope,0.001244808492945604,Major
rpl35a,Gland,0.0013387843326370251,Major
rpl36,Dope,0.0016115661611969855,Major
rpl36,Gland,0.0020198550821630126,Major
rpl37a_2,Dope,1.3477464904852347e-4,Major
rpl37a_2,Gland,1.9885245060956796e-4,Major
rpl38,Dope,0.0016818774168086746,Major
rpl38,Gland,0.0016206687204076654,Major
rpl39,Dope,5.360875728292302e-4,Major
rpl39,Gland,0.0012470134253818523,Major
rpl4,Dope,9.132465494089104e-4,Major
rpl4,Gland,0.003401782794944388,Major
rpl5_rpl5-a,Dope,0.0010806424156907329,Major
rpl5_rpl5-a,Gland,0.004660305162119243,Major
rpl6_rpl-6,Dope,0.0012097479556152447,Major
rpl6_rpl-6,Gland,0.002884977207838462,Major
rpl7a,Dope,0.0018624732644722678,Major
rpl7a,Gland,0.002686421778668708,Major
rpl8,Dope,9.691972375209367e-4,Major
rpl8,Gland,0.004093768015126661,Major
rpl9,Dope,1.4763959726042376e-4,Major
rpl9,Gland,5.945406931129287e-4,Major
rpl9_2,Dope,7.008834190379686e-4,Major
rpl9_2,Gland,0.0013715380928327864,Major
rplp0,Dope,0.001532554517237814,Major
rplp0,Gland,0.004290087196903029,Major
rplp1,Dope,4.5443261320697045e-4,Major
rplp1,Gland,0.0034731756036924495,Major
rpn1,Dope,2.0569693739884925e-4,Major
rpn1,Gland,3.8044450596691666e-4,Major
rpn11,Dope,1.9323102816477155e-4,Major
rpn11,Gland,3.536263616018232e-4,Major
rpn2,Dope,1.0374487848439868e-4,Major
rpn2,Gland,2.721968983906743e-4,Major
rpn6,Dope,1.7999627147351397e-4,Major
rpn6,Gland,1.47936789251196e-4,Major
rpn7_psmd6_2;rpn7_psmd6,Dope,1.6374579266352493e-4,Major
rpn7_psmd6_2;rpn7_psmd6,Gland,2.7203437737776564e-4,Major
rpn8,Dope,1.0530233871482641e-4,Major
rpn8,Gland,1.9210282525215902e-4,Major
rpp-2_rplp2,Dope,0.0018646629698370989,Major
rpp-2_rplp2,Gland,0.0033401126149223185,Major
rps10b,Dope,8.463656609273629e-4,Major
rps10b,Gland,0.0017348106595992821,Major
rps11,Dope,8.152964137959574e-4,Major
rps11,Gland,7.235921767596619e-4,Major
rps12,Dope,6.453433431709391e-4,Major
rps12,Gland,0.001347220417516959,Major
rps13,Dope,0.0012844906990840408,Major
rps13,Gland,0.00510102272865135,Major
rps14,Dope,0.0017405589463663225,Major
rps14,Gland,0.003471066097451423,Major
rps15,Dope,4.0457216814528574e-4,Major
rps15,Gland,0.0021159134053017467,Major
rps15a,Dope,0.0010725949878695122,Major
rps15a,Gland,0.002799835277356134,Major
rps16_2,Dope,0.0013568682942048937,Major
rps16_2,Gland,0.002135427756806963,Major
rps17,Dope,9.9515231318882e-4,Major
rps17,Gland,0.0013655247231251725,Major
rps18,Dope,0.0017989921742018076,Major
rps18,Gland,0.002678355308379095,Major
rps19,Dope,0.0015592468710319593,Major
rps19,Gland,0.002819304050572448,Major
rps20,Dope,9.059710317224144e-4,Major
rps20,Gland,0.0024983576480005418,Major
rps21,Dope,7.133414670913622e-4,Major
rps21,Gland,0.004211908209285152,Major
rps23,Dope,0.0014655886337230474,Major
rps23,Gland,0.003636873603151988,Major
rps24,Dope,9.810950003177083e-4,Major
rps24,Gland,0.0020138946718078646,Major
rps25,Dope,0.001959395783607071,Major
rps25,Gland,0.0028653639469156376,Major
rps26,Dope,0.0013947456640233103,Major
rps26,Gland,0.0024399580003369595,Major
rps27a;rpl40,Dope,0.004118248892075349,Major
rps27a;rpl40,Gland,0.004006038953043893,Major
rps27l_rps27,Dope,8.680275426667949e-4,Major
rps27l_rps27,Gland,0.001899614444699404,Major
rps28,Dope,0.0018978895414551392,Major
rps28,Gland,0.010767155556625718,Major
rps29,Gland,0.0018851148914768854,Major
rps2_2,Dope,0.0012913746980803198,Major
rps2_2,Gland,0.002908848246940546,Major
rps3,Dope,0.0020982864293412925,Major
rps3,Gland,0.003163186930165161,Major
rps4,Dope,0.0010922236179537624,Major
rps4,Gland,0.0036692112012578354,Major
rps5,Dope,3.667812447921035e-4,Major
rps5,Gland,0.0020851737777597803,Major
rps6,Dope,7.804668581998346e-4,Major
rps6,Gland,0.0022760915667392333,Major
rps7,Dope,0.0012021759132595073,Major
rps7,Gland,0.007565045081440759,Major
rps8,Dope,0.0022738275228192974,Major
rps8,Gland,0.00329299225168856,Major
rps9,Dope,0.0011773641798133506,Major
rps9,Gland,0.002261753768800392,Major
rpsa;LASC009994,Dope,0.0018085281320714241,Major
rpsa;LASC009994,Gland,0.004685475567359635,Major
rpt2_2,Dope,2.9703257231642e-4,Major
rpt2_2,Gland,3.742223466662301e-4,Major
rsf1_2,Dope,5.986248489260332e-4,Major
rsf1_2,Gland,6.431743729845518e-4,Major
rsf1_3,Dope,5.015627601807175e-4,Major
rsf1_3,Gland,0.0012744579149413613,Major
rsu1,Gland,1.8387082502453603e-4,Major
rtca,Dope,1.2621617955908915e-4,Major
rtca,Gland,2.724898104316214e-4,Major
rtcb,Gland,2.10788015713224e-4,Major
rtn3-b,Dope,5.469960819702881e-4,Major
rtn3-b,Gland,9.339547601807706e-4,Major
rtraf,Gland,1.510963911617866e-4,Major
sacm1l_sacm1lb,Dope,1.0780646678411324e-4,Major
sacm1l_sacm1lb,Gland,4.388558593919703e-4,Major
sar1a_zk180.4_sar1b,Dope,2.9936046766909554e-4,Major
sar1a_zk180.4_sar1b,Gland,6.509305956802822e-4,Major
sar1b,Dope,2.226786442475375e-4,Major
sar1b,Gland,0.0015417876494350528,Major
sars,Dope,5.597769050317111e-4,Major
sars,Gland,8.731720951879935e-4,Major
scamp1_2,Gland,1.8912697503562948e-4,Major
scfd1,Gland,1.6620830028504885e-4,Major
scsalpha1_os07g0577700,Gland,1.5866765386810376e-4,Major
sdha,Dope,1.3849667893807275e-4,Major
sdha,Gland,5.856380576477573e-4,Major
sdhb,Gland,3.01604257632044e-4,Major
sec11c,Gland,1.5271097700430918e-4,Major
sec13,Dope,1.230310724847032e-4,Major
sec13,Gland,1.3076473748753776e-4,Major
sec22b,Dope,1.8795732711139487e-4,Major
sec22b,Gland,2.3582142292414407e-4,Major
sec23a,Dope,1.708414205849804e-4,Major
sec23a,Gland,5.234323390486206e-4,Major
sec24b,Gland,1.9248417419686308e-4,Major
sec24c_2,Dope,2.3861155558903746e-4,Major
sec24c_2,Gland,3.596874206145528e-4,Major
sec31a;REV__wnt4_wnt11,Dope,2.900374969649236e-4,Major
sec31a;REV__wnt4_wnt11,Gland,1.3248578892453958e-4,Major
sec61b,Dope,5.974568448338498e-4,Major
sec61b,Gland,0.0017940138619464108,Major
sec61g,Gland,5.607206710997079e-4,Major
sem1,Gland,1.1772094455147561e-4,Major
sep2,Dope,1.8475146398101347e-4,Major
serbp1,Dope,1.7909595250086978e-4,Major
serbp1,Gland,3.5224779554417733e-4,Major
serbp1_2,Gland,1.4856274539559733e-4,Major
serca_2,Gland,2.826899070489255e-4,Major
sesb,Dope,0.0011263997477740143,Major
sesb,Gland,0.0016594345450473198,Major
set,Dope,3.7574798260452125e-4,Major
set,Gland,5.580307952891483e-4,Major
sfpq_2,Gland,1.904491501245093e-4,Major
sfxn1,Gland,4.078210303576749e-4,Major
sgtb,Dope,4.926068768485638e-4,Major
sgtb,Gland,0.00039640979702084263,Major
sh3gl1_endoa,Gland,1.7729517887922868e-4,Major
sh3glb1,Gland,2.2133891255403344e-4,Major
shi,Gland,1.2787384234399122e-4,Major
shmt2,Dope,7.863030494870231e-4,Major
shmt2,Gland,0.0021008859579437177,Major
sirt5,Gland,1.3739674837690106e-4,Major
skp1,Gland,1.500009569366014e-4,Major
slc25a1;slc25a1b,Dope,1.431358677711834e-4,Major
slc25a1;slc25a1b,Gland,1.6347517518606875e-4,Major
slc25a20,Gland,1.0447083509652644e-4,Major
slc25a3;slc25a3_2,Dope,1.347019850544553e-4,Major
slc25a3;slc25a3_2,Gland,3.467299443992988e-4,Major
slc25a4,Gland,1.8555952038546304e-4,Major
slc27a1_2,Gland,1.748737552076105e-4,Major
slc3a1_3,Dope,1.3054410360084501e-4,Major
slc3a1_3,Gland,9.784846449186796e-4,Major
slc7a6_slc7a8,Gland,1.4872505183422997e-4,Major
slc9a3r1,Dope,2.482421088177681e-4,Major
slc9a3r1,Gland,1.1326386170763005e-4,Major
slit1_2,Dope,2.2549844004227663e-4,Major
slit1_2,Gland,0.0011588599314057463,Major
smo-1,Dope,4.651740431417491e-4,Major
smo-1,Gland,1.7580276816061869e-4,Major
snb-1_vamp3_syb;LASC010337,Gland,1.7952058920785564e-4,Major
snd1,Dope,6.131771900018965e-4,Major
snd1,Gland,0.0016998128925841693,Major
snu13,Gland,6.448354819266077e-4,Major
snx2,Dope,1.56276644922631e-4,Major
snx2,Gland,1.0569146568504254e-4,Major
snx6,Dope,1.164009639230319e-4,Major
sod-2,Dope,1.9024010431032643e-4,Major
sod-2,Gland,7.184747425135822e-4,Major
sod1,Dope,0.0023739587282116973,Major
sod1,Gland,0.0010504221801555225,Major
sod1_sod-1,Dope,1.635948968289937e-4,Major
sod1_sod-1,Gland,1.1216718353877836e-4,Major
sp-1339#prd34368.1_3,Silk,1.4159736619185752e-4,Major
spa,Dope,4.009148196387302e-4,Major
spa,Gland,5.243832081139424e-4,Major
spa,Silk,7.277126425444178e-4,Major
spac4h3.07c,Dope,1.318174460072732e-4,Major
spac4h3.07c,Gland,8.242827198999291e-4,Major
sptbn5,Gland,3.4361360696251914e-4,Major
sqd,Dope,5.498293389078812e-4,Major
sqd,Gland,5.429265438187704e-4,Major
sqh,Dope,3.099628001403788e-4,Major
sqh,Gland,7.181176516400504e-4,Major
sqh_2,Dope,5.113015596550709e-4,Major
sqh_2,Gland,3.6348726031757095e-4,Major
srp14,Dope,1.739903863651341e-4,Major
srp14,Gland,5.239170574939378e-4,Major
srp54,Gland,3.0802104037621394e-4,Major
srp68,Dope,1.1115665409208264e-4,Major
srp68,Gland,3.0674305611487544e-4,Major
srsf4_3;b52,Dope,6.029223541275554e-4,Major
srsf4_3;b52,Gland,3.677177861419997e-4,Major
srsf4_4;srsf4,Dope,1.3368596355659842e-4,Major
srsf4_4;srsf4,Gland,1.4513169756808568e-4,Major
srsf7_2,Gland,1.6851965481423382e-4,Major
ssb,Dope,1.3043813791170655e-4,Major
ssb,Gland,3.4179965796550413e-4,Major
ssr1,Dope,3.38538919058973e-4,Major
ssr1,Gland,0.0027568017431412427,Major
ssr2,Gland,4.725958361319785e-4,Major
ssr3,Gland,0.0011213598636796627,Major
ssr4,Dope,2.875217837388918e-4,Major
ssr4,Gland,0.002005029450109036,Major
stip1,Dope,1.8084666518794197e-4,Major
stip1,Gland,2.1856054693481918e-4,Major
stk39,Dope,1.0482790780747019e-4,Major
stom,Gland,3.25377173724216e-4,Major
sub1,Dope,2.3844100167074963e-4,Major
sub1,Gland,1.3102686943666406e-4,Major
suclg2,Dope,1.2040949038940208e-4,Major
suclg2,Gland,1.723348212047844e-4,Major
sult1c2_6;sult1c2_3;sult1c2_sult1a1;sult1c2_sult1b1;sult1c2_2;sult1e1_sult1b1;sult1c2a_sult1e1,Dope,1.4662652851498093e-4,Major
sult1c2_6;sult1c2_3;sult1c2_sult1a1;sult1c2_sult1b1;sult1c2_2;sult1e1_sult1b1;sult1c2a_sult1e1,Gland,1.4094475337027862e-4,Major
sult1c2a_3;sult3a1_2;sult1b1_7;sult1b1_4,Dope,2.0944803013085288e-4,Major
surf4,Dope,1.0336009427575013e-4,Major
surf4,Gland,6.870259394632302e-4,Major
syap1,Dope,1.242569044479249e-4,Major
syncrip,Dope,1.039002079420041e-4,Major
syncrip_2,Dope,1.2611238123854204e-4,Major
syncrip_2,Gland,3.303507052573188e-4,Major
t05h10.6,Gland,1.1259044702917688e-4,Major
taldo1_taldo,Dope,6.10588538050989e-4,Major
taldo1_taldo,Gland,3.357640960814713e-4,Major
tango2,Dope,1.408812696770316e-4,Major
tango2,Gland,2.3525940753906153e-4,Major
tars1_tarsl2,Dope,2.4936244278526986e-4,Major
tars1_tarsl2,Gland,1.4350766564422645e-4,Major
tbb-4;CON__ENSEMBL:ENSBTAP00000025008,Dope,0.006794933276265362,Major
tbb-4;CON__ENSEMBL:ENSBTAP00000025008,Gland,0.004450622365450613,Major
tbb-4_tubb4b,Dope,5.079983711830391e-4,Major
tbb-4_tubb4b,Gland,0.0020330404409842433,Major
tbcb,Dope,2.424227843322931e-4,Major
tbl2,Dope,1.848517191906951e-4,Major
tbl2,Gland,0.001097562823191233,Major
tcp11l1,Dope,1.2959369515320193e-4,Major
tcp11l1,Gland,2.3754297923638697e-4,Major
tdh,Gland,3.124463682952383e-4,Major
tecr_art-1,Gland,1.1281108092390432e-4,Major
ter94_vcp,Dope,8.09905307395783e-4,Major
ter94_vcp,Gland,0.0011668391770572083,Major
tfam,Gland,1.1752232426392693e-4,Major
tfg,Dope,1.4128998072081473e-4,Major
tfg,Gland,1.2292258039304336e-4,Major
tg_3,Dope,8.168817249747262e-4,Major
tg_3,Gland,7.488203435605396e-4,Major
tgas006m08.1_3;tgas006m08.1_2;tgas006m08.1;h4-viii_2;h4-viii;LASC022855;LASC022852,Dope,0.0033438299091259403,Major
tgas006m08.1_3;tgas006m08.1_2;tgas006m08.1;h4-viii_2;h4-viii;LASC022855;LASC022852,Gland,0.005370580368069466,Major
tgfbi_4,Dope,0.0017297042100631389,Major
tgfbi_4,Gland,7.323795287334622e-4,Major
tgfbi_4,Silk,4.005477081007711e-4,Major
tktl2_tktl1,Dope,7.140797559981244e-4,Major
tktl2_tktl1,Gland,6.436406004345539e-4,Major
tln2,Dope,3.810172363217164e-4,Major
tln2,Gland,2.933240314094517e-4,Major
tm_fabg;ykvo_tm_fabg,Dope,5.786579587331577e-4,Major
tm_fabg;ykvo_tm_fabg,Gland,3.1139139106972153e-4,Major
tmed2_2,Gland,6.030088003749005e-4,Major
tmed6,Gland,2.1899516940762837e-4,Major
tmem214,Gland,6.180411984221501e-4,Major
tmem68,Gland,1.0211472123493646e-4,Major
tmx1,Gland,5.139874037902303e-4,Major
tom1l2,Dope,1.807622991799491e-4,Major
tom1l2,Gland,3.650765069659321e-4,Major
tp02,Gland,1.067972600870613e-4,Major
tpd52,Dope,6.643320153653276e-4,Major
tpd52,Gland,3.222671861183763e-4,Major
tpi,Dope,0.002026006402104579,Major
tpi,Gland,0.001039006273407447,Major
tpo_pxt;pxt_3,Gland,1.1649653513231578e-4,Major
tpo_pxt;pxt_3,Silk,2.208123347074566e-4,Major
tsr,Dope,0.0023530979947839134,Major
tsr,Gland,0.0024979321310907763,Major
tsta3,Dope,1.6777884752940036e-4,Major
tth-1,Dope,0.0050692078813740875,Major
tth-1,Gland,0.001378157786574098,Major
tth-1_2,Dope,0.001071157933639725,Major
tub2_2;tub2,Dope,6.114545847141794e-4,Major
tub2_2;tub2,Gland,1.6585790104146488e-4,Major
tuba1c,Dope,3.688605447061499e-4,Major
tubb4b_3,Dope,5.930693200822812e-4,Major
tubb4b_3,Gland,0.0012393158731773993,Major
tubb4b_4,Dope,6.222356894134981e-4,Major
tubb4b_4,Gland,9.620093102213613e-4,Major
tufm,Gland,1.090422313413497e-4,Major
twf2,Dope,2.7377776265284236e-4,Major
twf2,Gland,1.3102217011310598e-4,Major
txn,Dope,0.0010869619537132442,Major
txn,Gland,2.60110459942803e-4,Major
txn2,Gland,1.0742139651226454e-4,Major
txndc17,Dope,1.380679751030944e-4,Major
txnl1,Dope,3.41328172028832e-4,Major
txnl1,Gland,4.924867199168468e-4,Major
tymp,Dope,1.3125267806404921e-4,Major
uba1,Dope,9.560266583753571e-4,Major
uba1,Gland,4.937544912305658e-4,Major
uba5,Dope,1.4376653521179533e-4,Major
ubc,Dope,0.0033974230651915936,Major
ubc,Gland,0.0013202812194116397,Major
ube2l3,Dope,3.3952461480115883e-4,Major
ube2l3,Gland,0.0010114399209820819,Major
ube2l3_2,Dope,2.150650668542613e-4,Major
ube2l3_2,Gland,6.370754724911417e-4,Major
ube2n;eff_5,Dope,2.518565280725615e-4,Major
ube2n;eff_5,Gland,2.889760014076946e-4,Major
ube2n_ubc-13,Dope,1.479684338959163e-4,Major
ube2v2,Dope,6.251022874279663e-4,Major
ube2v2,Gland,2.771948829204744e-4,Major
ubqln1_2,Dope,1.2762469764652818e-4,Major
ubqln1_2,Gland,1.4443249100353186e-4,Major
ubxn4,Gland,1.2367265115556617e-4,Major
uchl3_3;uchl3,Dope,2.67096749390442e-4,Major
uchl3_3;uchl3,Gland,1.7773854428901356e-4,Major
uck1_uck2b,Dope,1.870730311610614e-4,Major
ufd1,Gland,1.300594042144768e-4,Major
ugp2_2,Dope,1.4098014924836158e-4,Major
ugp2_2,Gland,1.386936907225917e-4,Major
unc-94,Dope,1.0523369440676397e-4,Major
uqcrb,Gland,1.9949498202937566e-4,Major
uqcrc1,Dope,1.2583429904258905e-4,Major
uqcrc1,Gland,3.469742927824452e-4,Major
uqcrc2,Gland,2.9532216550820793e-4,Major
uqcrfs1,Gland,4.247933996125263e-4,Major
uqcrh,Gland,1.8473476263296574e-4,Major
uqcrq,Gland,4.738043158302892e-4,Major
uroc1,Gland,1.4743768451693537e-4,Major
urod,Dope,1.6057362450443673e-4,Major
urod,Gland,2.1943975671709725e-4,Major
uso1,Dope,1.3688092531639515e-4,Major
uso1,Gland,1.2515865184137146e-4,Major
usp14,Dope,1.261439852930833e-4,Major
usp14,Gland,1.279072417465873e-4,Major
usp5,Dope,5.650244263778588e-4,Major
usp5,Gland,3.946926341677909e-4,Major
usp7,Dope,1.327838616445049e-4,Major
usp7,Gland,2.589490549604319e-4,Major
vapa,Gland,7.504717758158554e-4,Major
vars;glp-4_2;glp-4,Dope,1.9110111588673223e-4,Major
vars;glp-4_2;glp-4,Gland,1.363817411650875e-4,Major
vat1l_2,Dope,2.2617581180562078e-4,Major
vat1l_2,Gland,4.210042580935924e-4,Major
vdac2,Dope,5.912136353309731e-4,Major
vdac2,Gland,0.001301140677293861,Major
vdac2_2,Dope,2.0559025931628558e-4,Major
vdac2_2,Gland,2.1993984418637933e-4,Major
vg,Dope,0.001247857763588192,Major
vha26,Dope,1.466512793346934e-4,Major
vha26,Gland,7.869167468267298e-4,Major
vha55,Dope,3.3733574527909774e-4,Major
vha55,Gland,8.130867701419862e-4,Major
vhaa,Dope,4.718931325022852e-4,Major
vhaa,Gland,8.095596199132927e-4,Major
vinc,Dope,3.1570231641773723e-4,Major
vinc,Gland,1.4175475932505212e-4,Major
vps35,Gland,1.774603422608032e-4,Major
wars_2;wars;wars_3,Dope,2.3551436820020484e-4,Major
wars_2;wars;wars_3,Gland,2.1955110207859838e-4,Major
wdr61;wdr61_2,Gland,1.0459931347493026e-4,Major
wos2,Dope,5.956164573133494e-4,Major
wos2,Gland,1.5450801853819299e-4,Major
x975_2,Dope,7.467260510768546e-4,Major
x975_2,Gland,8.736436413201967e-4,Major
xirp2,Dope,1.125914212993565e-4,Major
xync,Dope,0.0033991864576874116,Major
xync,Gland,0.002697546567125289,Major
xync,Silk,0.008832335328989261,Major
yars,Dope,6.109499372612527e-4,Major
yars,Gland,2.89936857858344e-4,Major
ybx1,Gland,3.87565893742573e-4,Major
ywhae,Dope,0.004899826297297334,Major
ywhae,Gland,0.010051489692934124,Major
ywhae_2;REV__erc2_erc1,Dope,0.0010744732964269516,Major
ywhae_2;REV__erc2_erc1,Gland,3.640005894809057e-4,Major
ywrd_5;ywrd_7;ywrd_6;ywrd_3;ywrd_2,Dope,0.003995812762398292,Major
ywrd_5;ywrd_7;ywrd_6;ywrd_3;ywrd_2,Gland,0.002921009622205171,Major
zan_srfbp1,Dope,4.467052760100664e-4,Major
zan_srfbp1,Gland,2.0939668900570211e-4,Major
zasp52_3;zasp52_2,Dope,1.635183451303158e-4,Major
zip,Dope,0.0011819872784161304,Major
zip,Gland,0.0010873712286411487,Major
zk1073.1,Dope,1.9548721974753383e-4,Major
zk1073.1_2,Dope,0.001013974063279294,Major
zk1073.1_2,Gland,4.4186696528910805e-4,Major
zmpste24,Gland,4.0340418707797236e-4,Major
znf259,Dope,1.1021123192913363e-4,Major
znf346,Dope,6.910249294367931e-4,Major
